Date,BitCoin,Ethereum
2019-02-28T22:59:59.000Z,3799.678543,134.8225062
2019-02-27T23:00:00.000Z,3772.936335,131.6677685
2019-02-26T22:59:59.000Z,3797.58179,135.7434191
2019-02-25T22:59:59.000Z,3819.865341,138.0371413
2019-02-24T22:59:59.000Z,3763.620516,137.763891
2019-02-23T22:59:59.000Z,4105.112759,157.0470867
2019-02-22T22:59:59.000Z,3933.60759,146.6658012
2019-02-21T23:00:00.000Z,3889.758485,142.8699894
2019-02-20T22:59:59.000Z,3924.739844,145.548254
2019-02-19T23:00:00.000Z,3904.48292,144.1606666
2019-02-18T23:00:00.000Z,3865.318165,142.6179951
2019-02-17T22:59:59.000Z,3606.151988,132.0913764
2019-02-16T22:59:59.000Z,3596.405191,122.2792165
2019-02-15T22:59:59.000Z,3566.247765,120.2850568
2019-02-14T23:00:00.000Z,3558.396858,119.8093875
2019-02-13T22:59:59.000Z,3569.554833,120.4059778
2019-02-12T22:59:59.000Z,3579.341881,120.2123398
2019-02-11T22:59:59.000Z,3593.183177,119.8905691
2019-02-10T22:59:59.000Z,3621.154003,120.3541791
2019-02-09T23:00:00.000Z,3617.46468,117.848711
2019-02-08T22:59:59.000Z,3591.022152,116.4289745
2019-02-07T22:59:59.000Z,3360.534076,103.2855553
2019-02-06T23:00:00.000Z,3367.519032,103.9392121
2019-02-05T23:00:00.000Z,3419.767899,105.9936587
2019-02-04T22:59:59.000Z,3412.230431,106.2401879
2019-02-03T23:00:00.000Z,3404.499313,106.0944999
2019-02-02T23:00:00.000Z,3433.035285,106.7283216
2019-02-01T23:00:00.000Z,3439.805699,106.1211666
2019-01-31T23:00:00.000Z,3420.633227,106.1733014
2019-01-30T23:00:00.000Z,3441.032215,107.5714899
2019-01-29T22:59:59.000Z,3395.018645,104.1371894
2019-01-28T22:59:58.000Z,3425.262161,105.00828
2019-01-27T23:00:00.000Z,3539.620947,112.6337305
2019-01-26T22:59:59.000Z,3563.27801,115.2436153
2019-01-25T22:59:59.000Z,3566.666164,115.2563719
2019-01-24T22:59:59.000Z,3562.920476,116.1124519
2019-01-23T22:59:59.000Z,3549.770799,116.3314967
2019-01-22T23:00:00.000Z,3581.551947,118.2059598
2019-01-21T22:59:59.000Z,3528.463529,115.7333685
2019-01-20T22:59:59.000Z,3544.221724,117.5549281
2019-01-19T22:59:59.000Z,3690.908564,123.5757733
2019-01-18T22:59:59.000Z,3605.855187,119.200111
2019-01-17T22:59:59.000Z,3623.717337,121.687446
2019-01-16T22:59:59.000Z,3593.72174,121.9013892
2019-01-15T22:59:59.000Z,3568.751259,118.5098662
2019-01-14T22:59:59.000Z,3654.347067,128.0799992
2019-01-13T23:00:00.000Z,3497.669392,114.9442239
2019-01-12T23:00:00.000Z,3611.528238,123.8033581
2019-01-11T22:59:59.000Z,3606.16489,123.5910351
2019-01-10T22:59:59.000Z,3617.346291,126.5650301
2019-01-09T23:00:00.000Z,3995.325193,149.4467337
2019-01-08T22:59:59.000Z,3992.986144,148.9541572
2019-01-07T23:00:00.000Z,3989.631741,149.6001646
2019-01-06T22:59:59.000Z,4014.133187,154.580823
2019-01-05T23:00:00.000Z,3809.914343,155.0953606
2019-01-04T22:59:59.000Z,3812.381108,152.873631
2019-01-03T23:00:00.000Z,3795.592741,148.7968733
2019-01-02T22:59:59.000Z,3882.304754,153.9656358
2019-01-01T22:59:58.000Z,3715.564441,137.7276456
2018-12-31T22:59:59.000Z,3689.56462,131.3735702
2018-12-28T22:59:58.000Z,3865.5293,133.4127406
2018-12-27T22:59:58.000Z,3587.198223,114.7827176
2018-12-26T22:59:58.000Z,3807.153022,130.7066629
2018-12-25T22:59:59.000Z,3767.350024,128.632904
2018-12-24T22:59:58.000Z,4054.29626,140.9478191
2018-12-23T22:59:59.000Z,3949.794342,129.9295019
2018-12-22T23:00:00.000Z,3862.726329,112.9109053
2018-12-21T22:59:59.000Z,3824.739794,107.772416
2018-12-20T22:59:59.000Z,4065.799953,113.2408047
2018-12-19T22:59:59.000Z,3709.316759,100.4732858
2018-12-18T22:59:58.000Z,3562.894946,95.33637204
2018-12-17T22:59:59.000Z,3478.461203,93.14244639
2018-12-16T22:59:58.000Z,3200.642468,84.22103608
2018-12-15T23:00:00.000Z,3194.962272,83.14924108
2018-12-14T22:59:59.000Z,3212.207081,83.36845577
2018-12-13T22:59:59.000Z,3263.547913,84.57517415
2018-12-12T22:59:59.000Z,3414.833749,88.70928092
2018-12-11T22:59:58.000Z,3360.946628,87.34211241
2018-12-10T23:00:00.000Z,3419.733768,89.52455656
2018-12-09T22:59:59.000Z,3507.306367,92.415549
2018-12-08T23:00:00.000Z,3452.616185,92.14089242
2018-12-07T22:59:59.000Z,3391.874146,93.27533106
2018-12-06T22:59:59.000Z,3578.206624,92.57817464
2018-12-05T22:59:58.000Z,3713.573383,102.1066863
2018-12-04T22:59:58.000Z,3889.29212,109.0668853
2018-12-03T22:59:59.000Z,3847.032737,108.0357964
2018-12-02T22:59:59.000Z,4118.518242,115.4385357
2018-12-01T22:59:59.000Z,4178.603828,117.6414342
2018-11-30T22:59:59.000Z,3952.447895,111.4911437
2018-11-29T23:00:00.000Z,4218.608363,116.0877313
2018-11-28T22:59:59.000Z,4174.319972,120.0311166
2018-11-27T23:00:00.000Z,3792.192364,110.2687594
2018-11-26T22:59:58.000Z,3640.557165,104.3975846
2018-11-25T22:59:59.000Z,3951.205029,114.1145074
2018-11-24T22:59:59.000Z,3728.872648,110.0448363
2018-11-23T22:59:59.000Z,4329.91722,122.6725869
2018-11-22T23:00:00.000Z,4405.744031,128.1883999
2018-11-21T22:59:59.000Z,4478.299558,133.282179
2018-11-20T22:59:59.000Z,4246.312774,125.7555888
2018-11-19T23:00:00.000Z,4800.342897,146.5471692
2018-11-18T23:00:00.000Z,5553.014895,174.284234
2018-11-17T22:59:59.000Z,5497.411279,172.4227591
2018-11-16T23:00:00.000Z,5448.600634,170.9644973
2018-11-15T22:59:59.000Z,5511.152834,176.5338295
2018-11-14T22:59:58.000Z,5524.801093,175.0018498
2018-11-13T22:59:59.000Z,6282.438677,204.0936778
2018-11-12T23:00:00.000Z,6327.154696,208.5602524
2018-11-11T22:59:59.000Z,6327.480646,208.7611236
2018-11-10T23:00:00.000Z,6365.655232,211.8943565
2018-11-09T22:59:59.000Z,6343.632504,208.4317284
2018-11-08T22:59:59.000Z,6412.524289,211.576354
2018-11-07T23:00:00.000Z,6514.489453,217.3580437
2018-11-06T22:59:59.000Z,6425.917802,217.0567251
2018-11-05T22:59:58.000Z,6396.352124,208.1085442
2018-11-04T22:59:58.000Z,6405.139755,208.8782948
2018-11-03T22:59:59.000Z,6344.738943,198.8207892
2018-11-02T22:59:59.000Z,6360.141272,200.2366085
2018-11-01T22:59:58.000Z,6341.094813,197.6120727
2018-10-31T23:00:00.000Z,6321.713671,197.04379
2018-10-30T23:00:00.000Z,6276.4645,195.6592733
2018-10-29T22:59:59.000Z,6266.189683,194.8325478
2018-10-28T17:00:00.147Z,6429.687141,202.7953465
2018-10-27T23:00:00.142Z,6436.355484,202.2917699
2018-10-26T23:00:00.607Z,6392.179337,200.1886816
2018-10-25T22:59:59.884Z,6405.500726,200.2399671
2018-10-24T22:59:59.786Z,6407.667175,200.4194894
2018-10-23T23:00:00.017Z,6396.252324,201.1292118
2018-10-22T23:00:00.527Z,6396.880154,200.9975754
2018-10-21T23:00:00.145Z,6412.530491,201.9697632
2018-10-20T22:59:59.794Z,6407.479085,202.7111077
2018-10-19T23:00:00.340Z,6372.686817,200.2083266
2018-10-18T22:59:59.871Z,6374.648863,198.4931997
2018-10-17T23:00:00.377Z,6444.74701,203.7579405
2018-10-16T23:00:00.088Z,6724.833078,213.2126115
2018-10-15T22:59:59.958Z,6721.587503,213.3377842
2018-10-14T22:59:59.676Z,6361.417016,199.7879795
2018-10-13T23:00:00.539Z,6331.131154,201.4179528
2018-10-12T23:00:00.204Z,6309.198921,197.1067155
2018-10-11T23:00:00.062Z,6285.859203,198.9386008
2018-10-10T23:00:00.733Z,6619.495845,226.082983
2018-10-09T22:59:59.484Z,6663.021071,228.6631765
2018-10-08T22:59:59.981Z,6662.8685,229.6834779
2018-10-07T23:00:00.583Z,6591.686318,224.7099627
2018-10-06T22:59:59.533Z,6595.260326,225.0935629
2018-10-05T23:00:00.091Z,6630.575297,227.7409118
2018-10-04T22:59:59.746Z,6594.935786,222.7394808
2018-10-03T22:59:59.276Z,6481.24577,219.08526
2018-10-02T23:00:00.069Z,6576.354229,227.7244629
2018-10-02T03:59:59.421Z,6603.754342,230.3961795
2018-10-01T03:59:59.835Z,6647.387947,232.950445
2018-09-30T03:59:59.833Z,6576.61432,231.306701
2018-09-29T03:59:59.104Z,6502.688151,217.3480245
2018-09-28T03:59:59.269Z,6698.416047,228.9911605
2018-09-27T03:59:59.615Z,6509.776621,217.8791006
2018-09-26T03:59:59.603Z,6391.385981,209.3312467
2018-09-25T03:59:59.840Z,6466.994564,221.7447447
2018-09-24T03:59:59.865Z,6289.621327,194.4580941
2018-09-23T03:59:59.875Z,6293.836421,194.3920142
2018-09-22T03:59:59.970Z,6317.699685,198.1301307
2018-09-21T03:59:59.161Z,6288.07017,194.25753
2018-09-19T22:59:59.702Z,6282.610727,193.3880219
2018-09-18T23:00:00.667Z,6278.595486,193.4390729
2018-09-17T23:00:00.336Z,6273.220083,192.5358077
2018-09-16T22:59:59.921Z,6281.409356,193.7440122
2018-09-15T23:00:00.546Z,6280.310107,194.1911408
2018-09-14T23:00:00.101Z,6285.982466,194.4848772
2018-09-13T22:59:59.634Z,6283.1842,193.7431874
2018-09-12T23:00:00.368Z,6277.494409,191.5202629
2018-09-11T23:00:00.185Z,6275.669588,191.7467557
2018-09-10T23:00:00.701Z,6275.083132,192.4379873
2018-09-09T22:59:59.484Z,6253.937201,194.5894182
2018-09-08T22:59:59.875Z,6181.744207,194.9635634
2018-09-07T22:59:59.654Z,6400.268706,215.9792155
2018-09-06T23:00:00.373Z,6471.493884,227.1030723
2018-09-05T22:59:59.788Z,6913.115013,241.4980125
2018-09-04T22:59:59.331Z,7361.271864,285.7017058
2018-09-03T22:59:59.783Z,7260.251593,288.8294571
2018-09-02T22:59:59.965Z,7282.858514,293.1154634
2018-09-01T22:59:59.404Z,7198.058436,295.2665416
2018-08-31T22:59:59.865Z,7028.447312,282.252688
2018-08-30T23:00:00.137Z,6938.914582,283.7533763
2018-08-29T22:59:59.240Z,7059.231235,290.7130769
2018-08-28T22:59:59.652Z,7084.293617,296.4874529
2018-08-27T23:00:00.943Z,6756.628926,280.0060814
2018-08-26T22:59:59.890Z,6689.822683,273.4441079
2018-08-25T22:59:59.952Z,6725.032327,278.882836
2018-08-24T22:59:59.068Z,6675.360683,280.5280263
2018-08-23T22:59:59.910Z,6503.832362,275.1806304
2018-08-22T22:59:59.993Z,6355.881809,269.0130144
2018-08-21T23:00:00.063Z,6470.733567,280.3396658
2018-08-20T22:59:59.887Z,6299.395333,273.7707155
2018-08-19T22:59:59.721Z,6516.668382,301.3690628
2018-08-18T22:59:59.677Z,6396.946369,295.2530912
2018-08-17T23:00:00.346Z,6566.595283,315.4903177
2018-08-16T23:00:00.352Z,6273.88807,285.2719982
2018-08-15T22:59:59.810Z,6332.6069,286.4645935
2018-08-14T22:59:59.927Z,6123.447601,266.2161521
2018-08-13T22:59:59.990Z,6260.192995,283.9345147
2018-08-12T22:59:59.504Z,6338.738957,319.3901246
2018-08-11T23:00:00.161Z,6391.599258,327.1062375
2018-08-10T23:00:00.654Z,6092.533104,328.7843935
2018-08-09T23:00:00.465Z,6482.973449,367.596849
2018-08-08T23:00:00.794Z,6460.153155,366.8881165
2018-08-07T23:00:00.307Z,6748.441484,380.437976
2018-08-06T22:59:59.932Z,7402.336634,415.3476442
2018-08-05T23:00:00.090Z,7411.515299,415.6028997
2018-08-04T23:00:00.160Z,7396.041122,415.4096661
2018-08-03T22:59:59.699Z,7423.074378,417.4339015
2018-08-02T23:00:00.182Z,7547.314951,411.5598612
2018-08-01T23:00:00.095Z,7588.58618,420.8337079
2018-07-31T23:00:00.541Z,7700.834129,430.6546991
2018-07-30T22:59:59.677Z,8166.38836,455.5215743
2018-07-29T23:00:00.230Z,8201.89009,465.7744995
2018-07-28T22:59:59.507Z,8184.695535,466.8324427
2018-07-27T23:00:00.963Z,8254.277348,472.4247446
2018-07-26T23:00:00.173Z,7925.247396,462.6938104
2018-07-25T23:00:00.584Z,8271.59792,475.1970813
2018-07-24T23:00:00.709Z,8325.801534,476.8981975
2018-07-23T23:00:00.112Z,7730.24748,450.5578227
2018-07-22T23:00:00.021Z,7411.200525,457.9176406
2018-07-21T23:00:00.155Z,7424.734238,464.1531629
2018-07-20T23:00:00.239Z,7357.445677,450.1085444
2018-07-19T22:59:59.390Z,7484.63967,469.2643809
2018-07-18T23:00:00.074Z,7359.737018,480.6790499
2018-07-17T23:00:00.518Z,7315.55104,499.6780592
2018-07-16T22:59:59.570Z,6671.625919,475.4163206
2018-07-15T23:00:00.264Z,6366.349904,449.827529
2018-07-14T22:59:59.633Z,6254.678129,433.4045742
2018-07-12T23:00:00.821Z,6144.810118,424.2814104
2018-07-11T22:59:59.718Z,6360.446668,440.6431414
2018-07-10T23:00:00.191Z,6364.38759,437.8051692
2018-07-09T22:59:59.392Z,6694.530851,476.6778612
2018-07-08T22:59:59.700Z,6744.988679,490.2092957
2018-07-07T22:59:59.364Z,6570.427592,468.5140721
2018-07-05T23:00:00.629Z,6538.682432,467.6379308
2018-07-04T22:59:59.541Z,6589.632793,400.6601287
2018-07-03T23:00:00.235Z,6482.830594,444.4693275
2018-07-02T23:00:00.941Z,6629.749595,469.0499411
2018-07-01T22:59:59.820Z,6373.277854,440.7371841
2018-06-30T23:00:00.070Z,6343.8922,431.3976063
2018-06-29T23:00:00.096Z,6189.309252,429.1666217
2018-06-28T23:00:00.225Z,5954.526582,421.9666672
2018-06-27T23:00:00.156Z,6140.1915,434.7699917
2018-06-26T23:03:59.951Z,6148.422705,436.042235
2018-06-25T23:01:00.419Z,6244.328455,459.0803912
2018-06-24T23:01:00.463Z,6142.39257,462.3994713
2018-06-23T23:01:00.218Z,6198.700824,477.9411747
2018-06-22T23:00:59.471Z,6099.445277,470.3616439
2018-06-21T22:59:59.517Z,6729.925937,524.5293003
2018-06-20T23:01:00.621Z,6736.867721,534.2355789
2018-06-19T23:00:59.756Z,6731.710147,534.7978411
2018-06-18T23:00:00.106Z,6711.64967,516.8910223
2018-06-17T23:00:00.226Z,6482.868697,498.8184644
2018-06-16T23:00:00.015Z,6529.544015,500.0207313
2018-06-15T23:00:00.290Z,6397.44117,488.3687531
2018-06-14T23:00:00.215Z,6601.324158,512.9190714
2018-06-13T22:59:59.236Z,6321.655965,475.9563347
2018-06-12T23:00:00.024Z,6525.329182,489.9241164
2018-06-11T23:00:00.901Z,6780.340803,524.0590803
2018-06-05T22:59:59.958Z,7624.187971,607.829423
2018-06-04T22:59:59.379Z,7505.589277,591.5490749
2018-06-03T23:00:00.221Z,7716.145068,618.302767
2018-06-02T23:00:00.042Z,7630.403388,591.3811229
2018-06-01T23:00:00.450Z,7518.333329,577.2573643
2018-06-01T04:00:00.000Z,7490.62125,570.8657402
2018-05-31T23:00:00.615Z,7448.48274,562.1821832
2018-05-31T04:00:00.000Z,7363.27625,568.5415693
2018-05-30T04:00:00.000Z,7491.61125,525.1807399
2018-05-29T04:00:00.000Z,7118.42375,570.9259435
2018-05-28T04:00:00.000Z,7383.2175,580.6514361
2018-05-27T04:00:00.000Z,7296.79625,585.7910358
2018-05-26T04:00:00.000Z,7436.835,601.6164347
2018-05-25T04:00:00.000Z,7599.9525,595.5972994
2018-05-24T04:00:00.000Z,7614.96375,644.311
2018-05-23T04:00:00.000Z,7951.51375,690.107
2018-05-22T04:00:00.000Z,8324.025,713.5
2018-05-21T04:00:00.000Z,8493.13125,706.022
2018-05-20T04:00:00.000Z,8250.395,695.009
2018-05-19T04:00:00.000Z,8237.3425,673.3
2018-05-18T04:00:00.000Z,7996.82125,713.386
2018-05-17T04:00:00.000Z,8360.22875,687.973
2018-05-16T04:00:00.000Z,8159.25625,729.895
2018-05-15T04:00:00.000Z,8711.38875,703.981
2018-05-14T04:00:00.000Z,8398.86249,684.785
2018-05-13T04:00:00.000Z,8442.23875,679.977
2018-05-12T04:00:00.000Z,8408.35875,732.901
2018-05-11T04:00:00.000Z,8920.25625,757.211
2018-05-10T04:00:00.000Z,9327.04999,727.918
2018-05-09T04:00:00.000Z,9039.02875,769.821
2018-05-08T04:00:00.000Z,9424.99124,753.517
2018-05-07T04:00:00.000Z,9326.76125,827.905
2018-05-06T04:00:00.000Z,9845.54375,801.875
2018-05-05T04:00:00.000Z,9817.5975,772.539
2018-05-04T04:00:00.000Z,9572.69875,717.994
2018-05-03T04:00:00.000Z,9228.8525,671.417
2018-05-02T04:00:00.000Z,9029.47875,646.964
2018-05-01T04:00:00.000Z,8949.87624,687.262
2018-04-30T04:00:00.000Z,9268.7175,693.961
2018-04-29T04:00:00.000Z,9444.1425,663.8
2018-04-28T04:00:00.000Z,9144.38375,655.692
2018-04-27T04:00:00.000Z,9153.64125,618.484
2018-04-26T04:00:00.000Z,8807.515,683.127
2018-04-25T04:00:00.000Z,9373.3025,667.432
2018-04-24T04:00:00.000Z,9191.82,634.939
2018-04-23T04:00:00.000Z,8868.16124,602.142
2018-04-22T04:00:00.000Z,8830.05875,609.413
2018-04-21T04:00:00.000Z,8866.67,573.796
2018-04-20T04:00:00.000Z,8333.81374,534.342
2018-04-19T04:00:00.000Z,8188.71875,506.94
2018-04-18T04:00:00.000Z,7937.61,506.427
2018-04-17T04:00:00.000Z,8030.57,517.333
2018-04-16T04:00:00.000Z,8160.4125,509.939
2018-04-15T04:00:00.000Z,8083.57375,506.973
2018-04-14T04:00:00.000Z,8040.88125,489.661
2018-04-13T04:00:00.000Z,7823.55875,435.394
2018-04-12T04:00:00.000Z,6941.63875,413.486
2018-04-11T04:00:00.000Z,6824.49375,399.745
2018-04-10T04:00:00.000Z,6789.2675,409.585
2018-04-09T04:00:00.000Z,7125.53875,387.714
2018-04-08T04:00:00.000Z,6964.4325,380.796
2018-04-07T04:00:00.000Z,6854.92125,379.748
2018-04-06T04:00:00.000Z,6766.5925,373.281
2018-04-05T04:00:00.000Z,6769.48375,405.765
2018-04-04T04:00:00.000Z,7295.89,391.748
2018-04-03T04:00:00.000Z,7182.12,383.916
2018-04-02T04:00:00.000Z,6986.835,396.412
2018-04-01T04:00:00.000Z,6926.875,411.018
2018-03-31T04:00:00.000Z,6970.36375,378.868
2018-03-30T04:00:00.000Z,6861.325,443.373
2018-03-29T04:00:00.000Z,7866.36,450.538
2018-03-28T04:00:00.000Z,7863.255,463.19
2018-03-27T04:00:00.000Z,7854.6375,523.52
2018-03-26T04:00:00.000Z,8429.33124,521.724
2018-03-25T04:00:00.000Z,8548.8125,541.707
2018-03-24T04:00:00.000Z,8881.98625,517.185
2018-03-23T04:00:00.000Z,8411.6525,572.542
2018-03-22T04:00:00.000Z,9023.7175,564.488
2018-03-21T04:00:00.000Z,9028.2975,555.856
2018-03-20T04:00:00.000Z,8597.3375,530.252
2018-03-19T04:00:00.000Z,8189.49125,521.624
2018-03-18T04:00:00.000Z,7667.99,597.817
2018-03-17T04:00:00.000Z,8206.555,600.368
2018-03-16T04:00:00.000Z,8039.6025,591.096
2018-03-15T04:00:00.000Z,7895.98875,701.269
2018-03-14T04:00:00.000Z,9260.70875,695.532
2018-03-13T04:00:00.000Z,9047.5125,716.613
2018-03-12T04:00:00.000Z,9433.47374,685.044
2018-03-11T05:00:00.000Z,8680.6075,738.324
2018-03-10T05:00:00.000Z,9251.2925,664.342
2018-03-09T05:00:00.000Z,8980.19249,744.534
2018-03-08T05:00:00.000Z,9552.75875,813.011
2018-03-07T05:00:00.000Z,10735.88625,847.965
2018-03-06T05:00:00.000Z,11246.7475,868.916
2018-03-05T05:00:00.000Z,11558.475,848.463
2018-03-04T05:00:00.000Z,11171.8175,864.679
2018-03-03T05:00:00.000Z,11305.1225,873.699
2018-03-02T05:00:00.000Z,11100.2925,860.857
2018-03-01T05:00:00.000Z,10352.04625,888.402
2018-02-28T05:00:00.000Z,10903.01875,876.038
2018-02-27T05:00:00.000Z,10272.9025,856.866
2018-02-26T05:00:00.000Z,9627.71625,844.86
2018-02-25T05:00:00.000Z,9585.285,875.513
2018-02-24T05:00:00.000Z,10412.36875,846.845
2018-02-23T05:00:00.000Z,9809.72125,860.26
2018-02-22T05:00:00.000Z,10727.9525,884.42
2018-02-21T05:00:00.000Z,10928.02,953.288
2018-02-20T05:00:00.000Z,11416.03875,933.128
2018-02-19T05:00:00.000Z,10537.00625,958.569
2018-02-18T05:00:00.000Z,10855.9375,966.12
2018-02-17T05:00:00.000Z,10474.77125,931.282
2018-02-16T05:00:00.000Z,10110.83875,937.988
2018-02-15T05:00:00.000Z,9659.2875,852.05
2018-02-14T05:00:00.000Z,8693.2525,852.951
2018-02-13T05:00:00.000Z,8766.8525,847.771
2018-02-12T05:00:00.000Z,8478.92499,818.451
2018-02-11T05:00:00.000Z,8045.44,899.807
2018-02-10T05:00:00.000Z,8930.13875,806.536
2018-02-09T05:00:00.000Z,8086.7725,819.749
2018-02-08T05:00:00.000Z,7987.28125,748.825
2018-02-07T05:00:00.000Z,7270.5075,597.362
2018-02-06T05:00:00.000Z,6332.37,834.563
2018-02-05T05:00:00.000Z,8136.39,952.92
2018-02-04T05:00:00.000Z,9192.045,881.151
2018-02-03T05:00:00.000Z,8285.50124,956.065
2018-02-02T05:00:00.000Z,8715.59499,1143.47
2018-02-01T05:00:00.000Z,9970.30875,1066.72
2018-01-31T05:00:00.000Z,9914.4725,1160.35
2018-01-30T05:00:00.000Z,10917.15125,1222.23
2018-01-29T05:00:00.000Z,11412.79375,1147.66
2018-01-28T05:00:00.000Z,11452.23,1057.04
2018-01-27T05:00:00.000Z,11005.615,1066.74
2018-01-26T05:00:00.000Z,11524.345,1088.43
2018-01-25T05:00:00.000Z,11629.375,970.868
2018-01-24T05:00:00.000Z,10830.9275,996.166
2018-01-23T05:00:00.000Z,10872.9025,1069.17
2018-01-22T05:00:00.000Z,11508.62,1126.83
2018-01-21T05:00:00.000Z,12486.06625,1076.94
2018-01-20T05:00:00.000Z,11742.94125,1025.69
2018-01-19T05:00:00.000Z,11137.36875,1004.16
2018-01-18T05:00:00.000Z,11340.65,987.103
2018-01-17T05:00:00.000Z,10870.16875,1244.83
2018-01-16T05:00:00.000Z,12915.11625,1345.07
2018-01-15T05:00:00.000Z,13519.92625,1358.78
2018-01-14T05:00:00.000Z,14217.3625,1299.95
2018-01-13T05:00:00.000Z,14165.90625,1205.84
2018-01-12T05:00:00.000Z,13633.36375,1149.06
2018-01-11T05:00:00.000Z,13269.5975,1405.21
2018-01-10T05:00:00.000Z,14122.825,1219.73
2018-01-09T05:00:00.000Z,15242.93625,1261.41
2018-01-08T05:00:00.000Z,15632.41125,1086.05
2018-01-07T05:00:00.000Z,16735.10625,1012.87
2018-01-06T05:00:00.000Z,16576.69625,1038.38
2018-01-05T05:00:00.000Z,14953.8525,947.321
2018-01-04T05:00:00.000Z,15104.45,884.858
2018-01-03T05:00:00.000Z,14881.545,865.012
2018-01-02T05:00:00.000Z,13337.62125,761.079
2018-01-01T05:00:00.000Z,13439.4175,719.827
2017-12-31T05:00:00.000Z,13062.145,705.097
2017-12-30T05:00:00.000Z,13643.695,754.482
2017-12-29T05:00:00.000Z,14867.5725,739.085
2017-12-28T05:00:00.000Z,14362.40375,783.7
2017-12-27T05:00:00.000Z,15846.07375,771.967
2017-12-26T05:00:00.000Z,14652.3675,750.11
2017-12-25T05:00:00.000Z,13387.34875,677.993
2017-12-24T05:00:00.000Z,14103.21875,729.407
2017-12-23T05:00:00.000Z,14694.5825,729.609
2017-12-22T05:00:00.000Z,14182.46499,869.818
2017-12-21T05:00:00.000Z,16925.0175,803.122
2017-12-20T05:00:00.000Z,16862.57125,826.545
2017-12-19T05:00:00.000Z,18984.7675,715.512
2017-12-18T05:00:00.000Z,18640.2625,725.283
2017-12-17T05:00:00.000Z,19166.97874,701.215
2017-12-16T05:00:00.000Z,17436.5975,667.289
2017-12-15T05:00:00.000Z,17221.65125,752.374
2017-12-14T05:00:00.000Z,16246.13875,613.891
2017-12-13T05:00:00.000Z,16678.28749,533.388
2017-12-12T05:00:00.000Z,16374.8975,460.265
2017-12-11T05:00:00.000Z,16299.2975,436.93
2017-12-10T05:00:00.000Z,13152.52875,472.516
2017-12-09T05:00:00.000Z,15732.1,430.981
2017-12-08T05:00:00.000Z,16403.42125,438.609
2017-12-07T05:00:00.000Z,13734.52,451.526
2017-12-06T05:00:00.000Z,12230.365,466.939
2017-12-05T05:00:00.000Z,11597.23125,468.909
2017-12-04T05:00:00.000Z,11382.20875,465.248
2017-12-03T05:00:00.000Z,10973.54375,462.452
2017-12-02T05:00:00.000Z,10923.20125,442.01
2017-12-01T05:00:00.000Z,9706.10375,461.168
2017-11-30T05:00:00.000Z,10542.6625,487.591
2017-11-29T05:00:00.000Z,10295.6225,481.476
2017-11-28T05:00:00.000Z,9713.09625,485.869
2017-11-27T05:00:00.000Z,9573.9675,458.239
2017-11-26T05:00:00.000Z,8851.305,468.032
2017-11-25T05:00:00.000Z,8190.87125,412.698
2017-11-24T05:00:00.000Z,8094.445,380.117
2017-11-23T05:00:00.000Z,8208.75375,363.873
2017-11-22T05:00:00.000Z,8150.6325,353.267
2017-11-21T05:00:00.000Z,7879.06,357.437
2017-11-20T05:00:00.000Z,7954.7675,348.659
2017-11-19T05:00:00.000Z,7787.45625,330.418
2017-11-18T05:00:00.000Z,7598.2775,331.429
2017-11-17T05:00:00.000Z,7924.1825,329.881
2017-11-16T05:00:00.000Z,7259.3,336.541
2017-11-15T05:00:00.000Z,6867.42625,320.717
2017-11-14T05:00:00.000Z,6666.27125,313.839
2017-11-13T05:00:00.000Z,5969.13,310.175
2017-11-12T05:00:00.000Z,6075.30125,303.473
2017-11-11T05:00:00.000Z,6773.695,320.091
2017-11-10T05:00:00.000Z,7250.77,311.094
2017-11-09T05:00:00.000Z,7342.82375,297.076
2017-11-08T05:00:00.000Z,7356.50625,300.794
2017-11-07T05:00:00.000Z,7123.89375,293.717
2017-11-06T05:00:00.000Z,7231.93,300.013
2017-11-05T04:00:00.000Z,7376.7425,297.047
2017-11-04T04:00:00.000Z,7210.46875,288.383
2017-11-03T04:00:00.000Z,7199.2375,288.606
2017-11-02T04:00:00.000Z,6879.365,304.109
2017-11-01T04:00:00.000Z,6424.515,308.991
2017-10-31T04:00:00.000Z,6130.56375,307.502
2017-10-30T04:00:00.000Z,6151.325,298.196
2017-10-29T04:00:00.000Z,5741.7225,295.573
2017-10-28T04:00:00.000Z,5737.1025,297.538
2017-10-27T04:00:00.000Z,5923.70625,298.362
2017-10-26T04:00:00.000Z,5776.87875,293.334
2017-10-25T04:00:00.000Z,5550.85875,301.668
2017-10-24T04:00:00.000Z,5649.005,293.715
2017-10-23T04:00:00.000Z,5969.795,303.938
2017-10-22T04:00:00.000Z,5949.07875,301.047
2017-10-21T04:00:00.000Z,6098.115,307.136835
2017-10-20T04:00:00.000Z,5686.52625,312.490756
2017-10-19T04:00:00.000Z,5627.08625,307.068
2017-10-18T04:00:00.000Z,5495.03875,328.230574
2017-10-17T04:00:00.000Z,5643.55375,333.52
2017-10-16T04:00:00.000Z,5607.01,337.745026
2017-10-15T04:00:00.000Z,5779.07375,340.097
2017-10-14T04:00:00.000Z,5666.97875,301.993368
2017-10-13T04:00:00.000Z,5728.5475,307.345873
2017-10-12T04:00:00.000Z,4858.60499,301.203155
2017-10-11T04:00:00.000Z,4741.70875,297.253365
2017-10-10T04:00:00.000Z,4789.30125,305.448397
2017-10-09T04:00:00.000Z,4624.34875,311.17
2017-10-08T04:00:00.000Z,4446.17249,309.599509
2017-10-07T04:00:00.000Z,4370.16875,295.510772
2017-10-06T04:00:00.000Z,4325.23625,289.300806
2017-10-05T04:00:00.000Z,4186.78374,292.847181
2017-10-04T04:00:00.000Z,4307.555,300.062
2017-10-03T04:00:00.000Z,4424.4725,300.724
2017-10-02T04:00:00.000Z,4414.1775,299.745244
2017-10-01T04:00:00.000Z,4300.55125,295.748
2017-09-30T04:00:00.000Z,4207.825,280.586093
2017-09-29T04:00:00.000Z,4062.20375,308.083549
2017-09-28T04:00:00.000Z,4220.28,289.988
2017-09-27T04:00:00.000Z,3939.515,293.588732
2017-09-26T04:00:00.000Z,3920.99125,286.041
2017-09-25T04:00:00.000Z,3753.435,294.103129
2017-09-24T04:00:00.000Z,3772.8475,262.581067
2017-09-23T04:00:00.000Z,3612.1625,265.706093
2017-09-22T04:00:00.000Z,3690.99125,280.857901
2017-09-21T04:00:00.000Z,3827.685,281.741
2017-09-20T04:00:00.000Z,3863.18625,289.487554
2017-09-19T04:00:00.000Z,3976.3875,275.071
2017-09-18T04:00:00.000Z,3764.6175,250.673679
2017-09-17T04:00:00.000Z,3608.595,261.416097
2017-09-16T04:00:00.000Z,3772.68375,234.476
2017-09-15T04:00:00.000Z,3358.10875,269.499271
2017-09-14T04:00:00.000Z,3817.0575,275.953343
2017-09-13T04:00:00.000Z,3944.58375,303.14889
2017-09-12T04:00:00.000Z,4295.76124,307.004387
2017-09-11T04:00:00.000Z,4307.82625,285.779
2017-09-10T04:00:00.000Z,4194.21875,298.551691
2017-09-09T04:00:00.000Z,4280.975,330.423336
2017-09-08T04:00:00.000Z,4628.6025,327.608852
2017-09-07T04:00:00.000Z,4543.1025,325.847
2017-09-06T04:00:00.000Z,4517.57,278.695779
2017-09-05T04:00:00.000Z,4160.535,340.967
2017-09-04T04:00:00.000Z,4593.1825,351.142
2017-09-03T04:00:00.000Z,4672.56875,380.195042
2017-09-02T04:00:00.000Z,4864.285,393.598029
2017-09-01T04:00:00.000Z,4783.17,380.711
2017-08-31T04:00:00.000Z,4676.1425,373.224
2017-08-30T04:00:00.000Z,4664.64375,349.155544
2017-08-29T04:00:00.000Z,4442.6575,345.424365
2017-08-28T04:00:00.000Z,4340.46,333.282815
2017-08-27T04:00:00.000Z,4381.39625,328.344
2017-08-26T04:00:00.000Z,4359.9025,329.219
2017-08-25T04:00:00.000Z,4396.03125,324.079054
2017-08-24T04:00:00.000Z,4178.75625,323.718591
2017-08-23T04:00:00.000Z,4162.79249,321.648698
2017-08-22T04:00:00.000Z,3911.27625,300.26119
2017-08-21T04:00:00.000Z,4110.94125,300.26119
2017-08-20T04:00:00.000Z,4139.38125,300.26119
2017-08-19T04:00:00.000Z,4180.23875,300.26119
2017-08-18T04:00:00.000Z,4311.685,300.231413
2017-08-17T04:00:00.000Z,4322.42125,286.240462
2017-08-16T04:00:00.000Z,4118.9025,291.731738
2017-08-15T04:00:00.000Z,4462.67625,300.184169
2017-08-14T04:00:00.000Z,4036.7575,299.769888
2017-08-13T04:00:00.000Z,4104.015,312.508364
2017-08-12T04:00:00.000Z,3705.43,301.244641
2017-08-11T04:00:00.000Z,3451.8525,292.309764
2017-08-10T04:00:00.000Z,3364.41125,315.197193
2017-08-09T04:00:00.000Z,3416.185,272.195838
2017-08-08T04:00:00.000Z,3474.7625,266.935567
2017-08-07T04:00:00.000Z,3274.6375,258.638867
2017-08-06T04:00:00.000Z,3254.71,226.980461
2017-08-05T04:00:00.000Z,3123.41125,225.307634
2017-08-04T04:00:00.000Z,2811.71,218.789061
2017-08-03T04:00:00.000Z,2740.07125,226.21304
2017-08-02T04:00:00.000Z,2739.70875,209.020204
2017-08-01T04:00:00.000Z,2867.65375,194.967731
2017-07-31T04:00:00.000Z,2718.6175,202.356029
2017-07-30T04:00:00.000Z,2714.70375,200.045871
2017-07-29T04:00:00.000Z,2719.69,200.045871
2017-07-28T04:00:00.000Z,2699.72125,201.962879
2017-07-27T04:00:00.000Z,2570.195,198.355377
2017-07-26T04:00:00.000Z,2540.20874,223.985269
2017-07-25T04:00:00.000Z,2768.8025,227.009216
2017-07-24T04:00:00.000Z,2772.3675,231.845107
2017-07-23T04:00:00.000Z,2831.67875,221.32264
2017-07-22T04:00:00.000Z,2738.775,227.759647
2017-07-21T04:00:00.000Z,2740.56875,211.168405
2017-07-20T04:00:00.000Z,2349.355,224.075703
2017-07-19T04:00:00.000Z,2354.8925,180.626926
2017-07-18T04:00:00.000Z,2189.23999,165.270026
2017-07-17T04:00:00.000Z,1986.9425,168.194937
2017-07-16T04:00:00.000Z,2045.5725,186.126286
2017-07-15T04:00:00.000Z,2109.37375,197.906611
2017-07-14T04:00:00.000Z,2337.67875,223.207956
2017-07-13T04:00:00.000Z,2437.55375,185.848756
2017-07-12T04:00:00.000Z,2292.91375,190.299095
2017-07-11T04:00:00.000Z,2352.265,233.466663
2017-07-10T04:00:00.000Z,2524.12624,246.154278
2017-07-09T04:00:00.000Z,2586.0425,237.417595
2017-07-08T04:00:00.000Z,2514.3625,261.923616
2017-07-07T04:00:00.000Z,2598.57,264.97838
2017-07-06T04:00:00.000Z,2634.17375,267.070981
2017-07-05T04:00:00.000Z,2588.67875,279.09903
2017-07-04T04:00:00.000Z,2640.06125,272.3068
2017-07-03T04:00:00.000Z,2513.74125,246.574977
2017-07-02T04:00:00.000Z,2424.69875,265.081169
2017-07-01T04:00:00.000Z,2479.05499,288.277201
2017-06-30T04:00:00.000Z,2547.3225,311.237618
2017-06-29T04:00:00.000Z,2591.2675,272.763187
2017-06-28T04:00:00.000Z,2556.1675,253.886743
2017-06-27T04:00:00.000Z,2513.42999,283.581248
2017-06-26T04:00:00.000Z,2630.59499,295.433814
2017-06-25T04:00:00.000Z,2598.15875,324.955093
2017-06-24T04:00:00.000Z,2740.5925,324.634294
2017-06-23T04:00:00.000Z,2763.29125,312.417589
2017-06-22T04:00:00.000Z,2702.00375,348.365734
2017-06-21T04:00:00.000Z,2805.0975,364.690598
2017-06-20T04:00:00.000Z,2667.5475,358.41611
2017-06-19T04:00:00.000Z,2611.67999,371.631992
2017-06-18T04:00:00.000Z,2680.1025,340.834591
2017-06-17T04:00:00.000Z,2520.78375,325.530517
2017-06-16T04:00:00.000Z,2438.61749,332.25862
2017-06-15T04:00:00.000Z,2518.54875,382.221369
2017-06-14T04:00:00.000Z,2780.1825,373.624676
2017-06-13T04:00:00.000Z,2697.0775,343.417647
2017-06-12T04:00:00.000Z,3007.0125,336.070318
2017-06-11T04:00:00.000Z,2910.33625,284.500258
2017-06-10T04:00:00.000Z,2846.00625,258.637335
2017-06-09T04:00:00.000Z,2826.03875,250.930389
2017-06-08T04:00:00.000Z,2737.9025,261.79265
2017-06-07T04:00:00.000Z,2900.8525,251.874861
2017-06-06T04:00:00.000Z,2855.03,241.675036
2017-06-05T04:00:00.000Z,2605.125,224.549544
2017-06-04T04:00:00.000Z,2526.31125,216.890385
2017-06-03T04:00:00.000Z,2475.2975,219.461977
2017-06-02T04:00:00.000Z,2477.1725,221.219432
2017-06-01T04:00:00.000Z,2402.125,216.577291
2017-05-31T04:00:00.000Z,2170.98124,196.869683
2017-05-30T04:00:00.000Z,2315.73625,158.999202
2017-05-29T04:00:00.000Z,2195.785,164.135585
2017-05-28T04:00:00.000Z,2234.83374,144.838435
2017-05-27T04:00:00.000Z,2232.2875,176.35396
2017-05-26T04:00:00.000Z,2460.95375,187.826425
2017-05-25T04:00:00.000Z,2581.85375,175.471684
2017-05-24T04:00:00.000Z,2348.55249,159.999428
2017-05-23T04:00:00.000Z,2196.66874,148.333874
2017-05-22T04:00:00.000Z,2114.98875,124.900392
2017-05-21T04:00:00.000Z,2074.69625,127.267172
2017-05-20T04:00:00.000Z,1983.97875,108.274908
2017-05-19T04:00:00.000Z,1913.13875,91.339332
2017-05-18T04:00:00.000Z,1796.89625,89.577718
2017-05-17T04:00:00.000Z,1744.44125,92.590657
2017-05-16T04:00:00.000Z,1665.0325,90.694035
2017-05-15T04:00:00.000Z,1747.04375,90.033173
2017-05-14T04:00:00.000Z,1774.805,86.622737
2017-05-13T04:00:00.000Z,1634.6075,90.112081
2017-05-12T04:00:00.000Z,1774.52,88.322378
2017-05-11T04:00:00.000Z,1748.35375,89.864235
2017-05-10T04:00:00.000Z,1695.83125,87.142343
2017-05-09T04:00:00.000Z,1644.72875,92.249991
2017-05-08T04:00:00.000Z,1564.065,95.440527
2017-05-07T04:00:00.000Z,1554.6025,94.44738
2017-05-06T04:00:00.000Z,1536.1525,99.979653
2017-05-05T04:00:00.000Z,1543.31,86.292093
2017-05-04T04:00:00.000Z,1506.7725,82.511277
2017-05-03T04:00:00.000Z,1448.88625,84.480807
2017-05-02T04:00:00.000Z,1416.61,86.099496
2017-05-01T04:00:00.000Z,1370.79,75.037031
2017-04-30T04:00:00.000Z,1311.58874,74.292294
2017-04-29T04:00:00.000Z,1319.7,69.292865
2017-04-28T04:00:00.000Z,1335.825,57.55117
2017-04-27T04:00:00.000Z,1289.7475,53.917308
2017-04-26T04:00:00.000Z,1269.69625,53.330552
2017-04-25T04:00:00.000Z,1251.5775,53.604876
2017-04-24T04:00:00.000Z,1243.43,52.635354
2017-04-23T04:00:00.000Z,1232.7575,51.278525
2017-04-22T04:00:00.000Z,1255.25125,51.986983
2017-04-21T04:00:00.000Z,1261.702,49.91781
2017-04-20T04:00:00.000Z,1227.981,52.337063
2017-04-19T04:00:00.000Z,1218.666,50.192121
2017-04-18T04:00:00.000Z,1211.73799,49.213228
2017-04-17T04:00:00.000Z,1184.2,49.721216
2017-04-16T04:00:00.000Z,1189.55,48.229629
2017-04-15T04:00:00.000Z,1186.10899,49.104656
2017-04-14T04:00:00.000Z,1187.136,49.137396
2017-04-13T04:00:00.000Z,1216.269,44.060944
2017-04-12T04:00:00.000Z,1226.896,44.376748
2017-04-11T04:00:00.000Z,1206.74,44.090094
2017-04-10T04:00:00.000Z,1213.801,44.005367
2017-04-09T04:00:00.000Z,1187.03299,44.339554
2017-04-08T04:00:00.000Z,1196.896,44.30351
2017-04-07T04:00:00.000Z,1177.284,44.820806
2017-04-06T04:00:00.000Z,1150.685,45.50185
2017-04-05T04:00:00.000Z,1139.86,43.743146
2017-04-04T04:00:00.000Z,1148.092,44.27212
2017-04-03T04:00:00.000Z,1140.037,50.422021
2017-04-02T04:00:00.000Z,1082.37,49.781778
2017-04-01T04:00:00.000Z,1077.557,49.745082
2017-03-31T04:00:00.000Z,1048.86299,52.695111
2017-03-30T04:00:00.000Z,1041.374,52.407958
2017-03-29T04:00:00.000Z,1011.969,49.081083
2017-03-28T04:00:00.000Z,1035.32199,51.413317
2017-03-27T04:00:00.000Z,968.293,50.365804
2017-03-26T04:00:00.000Z,962.508,50.379989
2017-03-25T04:00:00.000Z,921.808,42.984147
2017-03-24T04:00:00.000Z,1013.844,41.088518
2017-03-23T04:00:00.000Z,1036.099,42.450104
2017-03-22T04:00:00.000Z,1091.333,43.451302
2017-03-21T04:00:00.000Z,1065.481,42.356981
2017-03-20T04:00:00.000Z,1036.226,37.976973
2017-03-19T04:00:00.000Z,1000.24599,43.563357
2017-03-18T04:00:00.000Z,1062.07,47.540183
2017-03-17T04:00:00.000Z,1126.08199,39.544387
2017-03-16T04:00:00.000Z,1247.67099,28.521178
2017-03-15T04:00:00.000Z,1245.892,28.039033
2017-03-14T04:00:00.000Z,1242.806,24.637882
2017-03-13T04:00:00.000Z,1235.553,21.648475
2017-03-12T05:00:00.000Z,1186.351,18.952377
2017-03-11T05:00:00.000Z,1147.625,18.03119
2017-03-10T05:00:00.000Z,1200.557,16.932387
2017-03-09T05:00:00.000Z,1153.06,18.002569
2017-03-08T05:00:00.000Z,1206.357,19.342467
2017-03-07T05:00:00.000Z,1280.30499,19.109602
2017-03-06T05:00:00.000Z,1273.24699,18.920662
2017-03-05T05:00:00.000Z,1260.668,19.911787
2017-03-04T05:00:00.000Z,1285.376,20.235485
2017-03-03T05:00:00.000Z,1269.776,17.289049
2017-03-02T05:00:00.000Z,1221.05,15.76128
2017-03-01T05:00:00.000Z,1193.611,15.863437
2017-02-28T05:00:00.000Z,1189.94699,14.706219
2017-02-27T05:00:00.000Z,1189.366,13.573991
2017-02-26T05:00:00.000Z,1139.848,13.194061
2017-02-25T05:00:00.000Z,1182.429,13.098521
2017-02-24T05:00:00.000Z,1193.501,12.71811
2017-02-23T05:00:00.000Z,1122.515,12.782024
2017-02-22T05:00:00.000Z,1112.86375,12.562646
2017-02-21T05:00:00.000Z,1079.5825,12.830235
2017-02-20T05:00:00.000Z,1046.66249,12.886819
2017-02-19T05:00:00.000Z,1052.84375,12.909267
2017-02-18T05:00:00.000Z,1058.315,12.784189
2017-02-17T05:00:00.000Z,1038.86625,12.70062
2017-02-16T05:00:00.000Z,1018.41125,12.681755
2017-02-15T05:00:00.000Z,1003.59,11.894969
2017-02-14T05:00:00.000Z,994.58,11.280685
2017-02-13T05:00:00.000Z,1004.85375,11.299272
2017-02-12T05:00:00.000Z,1004.71375,11.21991
2017-02-11T05:00:00.000Z,997.2275,10.905312
2017-02-10T05:00:00.000Z,974.95875,11.403079
2017-02-09T05:00:00.000Z,1072.205,11.505409
2017-02-08T05:00:00.000Z,1067.70875,11.331469
2017-02-07T05:00:00.000Z,1029.40875,11.217052
2017-02-06T05:00:00.000Z,1019.3125,11.27786
2017-02-05T05:00:00.000Z,1029.40124,11.240959
2017-02-04T05:00:00.000Z,1011.215,10.663947
2017-02-03T05:00:00.000Z,1020.09,10.49782
2017-02-02T05:00:00.000Z,982.8275,10.710514
2017-02-01T05:00:00.000Z,973.065,10.510549
2017-01-31T05:00:00.000Z,921.35125,10.40558
2017-01-30T05:00:00.000Z,916.91125,10.519501
2017-01-29T05:00:00.000Z,920.82875,10.483953
2017-01-28T05:00:00.000Z,919.795,10.455241
2017-01-27T05:00:00.000Z,912.84375,10.505382
2017-01-26T05:00:00.000Z,901.05,10.524163
2017-01-25T05:00:00.000Z,898.55,10.699035
2017-01-24T05:00:00.000Z,912.2125,10.684885
2017-01-23T05:00:00.000Z,920.365,10.9639
2017-01-22T05:00:00.000Z,934.7775,10.66865
2017-01-21T05:00:00.000Z,920.58875,10.500874
2017-01-20T05:00:00.000Z,896.16375,10.225847
2017-01-19T05:00:00.000Z,888.0625,10.333692
2017-01-18T05:00:00.000Z,890.29375,9.786222
2017-01-17T05:00:00.000Z,848.58125,9.663497
2017-01-16T05:00:00.000Z,830.74,9.702505
2017-01-15T05:00:00.000Z,821.19625,9.598883
2017-01-14T05:00:00.000Z,820.68875,9.487749
2017-01-13T05:00:00.000Z,784.89375,9.401194
2017-01-12T05:00:00.000Z,772.66125,10.696117
2017-01-11T05:00:00.000Z,910.60625,10.485289
2017-01-10T05:00:00.000Z,905.22625,10.266545
2017-01-09T05:00:00.000Z,889.33875,10.001896
2017-01-08T05:00:00.000Z,923.52375,9.737254
2017-01-07T05:00:00.000Z,837.83625,9.956588
2017-01-06T05:00:00.000Z,985.93875,11.445979
2017-01-05T05:00:00.000Z,1140.385,10.435576
2017-01-04T05:00:00.000Z,1047.09999,8.332855
2017-01-03T05:00:00.000Z,1028.33375,8.212046
2017-01-02T05:00:00.000Z,1009.97375,8.437012
2017-01-01T05:00:00.000Z,964.325,8.013868
2016-12-31T05:00:00.000Z,952.455,8.36334
2016-12-30T05:00:00.000Z,954.84375,8.111114
2016-12-29T05:00:00.000Z,971.645,7.235181
2016-12-28T05:00:00.000Z,948.89875,7.303933
2016-12-27T05:00:00.000Z,900.36625,7.260191
2016-12-26T05:00:00.000Z,905.45625,7.256569
2016-12-25T05:00:00.000Z,870.13125,7.221961
2016-12-24T05:00:00.000Z,910.2475,7.601819
2016-12-23T05:00:00.000Z,910.9325,7.569866
2016-12-22T05:00:00.000Z,842.63875,7.675313
2016-12-21T05:00:00.000Z,805.79625,7.601047
2016-12-20T05:00:00.000Z,789.2325,7.735086
2016-12-19T05:00:00.000Z,791,7.813304
2016-12-18T05:00:00.000Z,789.24625,7.709642
2016-12-17T05:00:00.000Z,786.9725,7.836525
2016-12-16T05:00:00.000Z,776.415,8.195936
2016-12-15T05:00:00.000Z,776.9825,8.394537
2016-12-14T05:00:00.000Z,778.35625,8.42452
2016-12-13T05:00:00.000Z,774.38625,8.182465
2016-12-12T05:00:00.000Z,769.8275,8.119684
2016-12-11T05:00:00.000Z,765.9525,8.458332
2016-12-10T05:00:00.000Z,773.2825,8.20362
2016-12-09T05:00:00.000Z,766.8725,8.473844
2016-12-08T05:00:00.000Z,763.23625,7.531045
2016-12-07T05:00:00.000Z,758.35375,6.717527
2016-12-06T05:00:00.000Z,754.82625,7.529515
2016-12-05T05:00:00.000Z,760.1,7.817933
2016-12-04T05:00:00.000Z,764.3575,7.970143
2016-12-03T05:00:00.000Z,769.915,8.171604
2016-12-02T05:00:00.000Z,766.5925,8.527776
2016-12-01T05:00:00.000Z,744.1025,8.263665
2016-11-30T05:00:00.000Z,731.64,8.453786
2016-11-29T05:00:00.000Z,731.12625,8.826192
2016-11-28T05:00:00.000Z,731.9,9.224529
2016-11-27T05:00:00.000Z,727.445,9.341233
2016-11-26T05:00:00.000Z,737.4025,9.28811
2016-11-25T05:00:00.000Z,730.3125,9.729471
2016-11-24T05:00:00.000Z,739.81875,9.776321
2016-11-23T05:00:00.000Z,745.97875,9.868597
2016-11-22T05:00:00.000Z,734.84,9.60881
2016-11-21T05:00:00.000Z,730.365,9.629214
2016-11-20T05:00:00.000Z,752.5525,9.660631
2016-11-19T05:00:00.000Z,748.8075,9.966889
2016-11-18T05:00:00.000Z,738.665,10.043273
2016-11-17T05:00:00.000Z,745.92625,10.286643
2016-11-16T05:00:00.000Z,710.9275,9.899728
2016-11-15T05:00:00.000Z,711.39625,10.190739
2016-11-14T05:00:00.000Z,704.62125,10.118149
2016-11-13T05:00:00.000Z,694.72125,10.137763
2016-11-12T05:00:00.000Z,715.7725,10.435038
2016-11-11T05:00:00.000Z,714.57125,10.667821
2016-11-10T05:00:00.000Z,719.2525,10.461869
2016-11-09T05:00:00.000Z,728.36125,10.954777
2016-11-08T05:00:00.000Z,706.13375,10.967567
2016-11-07T05:00:00.000Z,705.47125,11.16351
2016-11-06T04:00:00.000Z,705.47875,11.017137
2016-11-05T04:00:00.000Z,702.175,10.961917
2016-11-04T04:00:00.000Z,701.21875,10.842992
2016-11-03T04:00:00.000Z,741.84875,10.945551
2016-11-02T04:00:00.000Z,725.6925,10.675513
2016-11-01T04:00:00.000Z,708.955,11.436444
2016-10-31T04:00:00.000Z,693.89625,10.53241
2016-10-30T04:00:00.000Z,704.91,11.173315
2016-10-29T04:00:00.000Z,700.135,11.545675
2016-10-28T04:00:00.000Z,684.2975,11.449855
2016-10-27T04:00:00.000Z,684.3775,11.519947
2016-10-26T04:00:00.000Z,657.05625,11.7933
2016-10-25T04:00:00.000Z,652.235,11.74605
2016-10-24T04:00:00.000Z,647.69375,11.74605
2016-10-23T04:00:00.000Z,650.895,11.74605
2016-10-22T04:00:00.000Z,630.61875,11.74605
2016-10-21T04:00:00.000Z,629.61249,11.74605
2016-10-20T04:00:00.000Z,626.36875,11.74605
2016-10-19T04:00:00.000Z,634.605,11.74605
2016-10-18T04:00:00.000Z,637.01625,11.74605
2016-10-17T04:00:00.000Z,636.635,11.74605
2016-10-16T04:00:00.000Z,638.605,11.74605
2016-10-15T04:00:00.000Z,638.975,11.74605
2016-10-14T04:00:00.000Z,635.88375,11.74605
2016-10-13T04:00:00.000Z,637.73625,11.74605
2016-10-12T04:00:00.000Z,637.21624,12.135368
2016-10-11T04:00:00.000Z,618.3275,11.951233
2016-10-10T04:00:00.000Z,615.91625,12.254665
2016-10-09T04:00:00.000Z,614.59625,12.641213
2016-10-08T04:00:00.000Z,617.445,12.947742
2016-10-07T04:00:00.000Z,610.23375,13.095678
2016-10-06T04:00:00.000Z,610.57,13.278997
2016-10-05T04:00:00.000Z,608.125,13.456315
2016-10-04T04:00:00.000Z,609.495,13.168065
2016-10-03T04:00:00.000Z,611.88874,13.164201
2016-10-02T04:00:00.000Z,613.23749,13.166937
2016-10-01T04:00:00.000Z,610.58375,13.042521
2016-09-30T04:00:00.000Z,604.52125,13.261939
2016-09-29T04:00:00.000Z,603.58124,13.43472
2016-09-28T04:00:00.000Z,602.885,12.95477
2016-09-27T04:00:00.000Z,605.0175,12.8951
2016-09-26T04:00:00.000Z,598.9075,13.069967
2016-09-25T04:00:00.000Z,601.36875,13.198914
2016-09-24T04:00:00.000Z,602.4075,13.143369
2016-09-23T04:00:00.000Z,595.0175,13.41168
2016-09-22T04:00:00.000Z,596.225,14.243642
2016-09-21T04:00:00.000Z,595.93375,13.433515
2016-09-20T04:00:00.000Z,606.7175,12.820767
2016-09-19T04:00:00.000Z,609.37249,12.739668
2016-09-18T04:00:00.000Z,605.08,12.523064
2016-09-17T04:00:00.000Z,606.04625,11.981109
2016-09-16T04:00:00.000Z,605.52125,12.137046
2016-09-15T04:00:00.000Z,606.8975,12.034831
2016-09-14T04:00:00.000Z,606.885,12.017102
2016-09-13T04:00:00.000Z,607.03625,11.779397
2016-09-12T04:00:00.000Z,604.8275,12.171771
2016-09-11T04:00:00.000Z,622.03375,11.76883
2016-09-10T04:00:00.000Z,620.59875,11.567017
2016-09-09T04:00:00.000Z,623.6,11.612994
2016-09-08T04:00:00.000Z,613.67499,11.705249
2016-09-07T04:00:00.000Z,609.4325,11.685958
2016-09-06T04:00:00.000Z,604.465,11.809063
2016-09-05T04:00:00.000Z,606.0525,11.722517
2016-09-04T04:00:00.000Z,596.45375,12.334285
2016-09-03T04:00:00.000Z,572.52125,12.086755
2016-09-02T04:00:00.000Z,570.1,12.080199
2016-09-01T04:00:00.000Z,572.96,11.218456
2016-08-31T04:00:00.000Z,573.78125,11.053865
2016-08-30T04:00:00.000Z,571.94125,10.836503
2016-08-29T04:00:00.000Z,574.49749,11.077814
2016-08-28T04:00:00.000Z,568.78875,11.191805
2016-08-27T04:00:00.000Z,575.3425,11.427117
2016-08-26T04:00:00.000Z,575.0625,11.11745
2016-08-25T04:00:00.000Z,574.5825,11.101393
2016-08-24T04:00:00.000Z,577.98749,11.244944
2016-08-23T04:00:00.000Z,585.5075,11.168643
2016-08-22T04:00:00.000Z,579.6675,11.117599
2016-08-21T04:00:00.000Z,581.35375,10.974623
2016-08-20T04:00:00.000Z,573.08,10.723738
2016-08-19T04:00:00.000Z,573.01625,10.836692
2016-08-18T04:00:00.000Z,572.37249,11.021117
2016-08-17T04:00:00.000Z,575.54125,11.082952
2016-08-16T04:00:00.000Z,567.60749,11.250161
2016-08-15T04:00:00.000Z,571.9625,11.533494
2016-08-14T04:00:00.000Z,581.65,11.759793
2016-08-13T04:00:00.000Z,584.87375,11.651671
2016-08-12T04:00:00.000Z,581.9625,12.098701
2016-08-11T04:00:00.000Z,594.81625,12.579432
2016-08-10T04:00:00.000Z,585.23875,11.367989
2016-08-09T04:00:00.000Z,586.715,11.134518
2016-08-08T04:00:00.000Z,589.66125,10.904812
2016-08-07T04:00:00.000Z,588.51625,10.793019
2016-08-06T04:00:00.000Z,574.87375,10.900653
2016-08-05T04:00:00.000Z,570.33875,10.563403
2016-08-04T04:00:00.000Z,578.52374,9.429077
2016-08-03T04:00:00.000Z,555.926,10.646814
2016-08-02T04:00:00.000Z,601.227,11.78049
2016-08-01T04:00:00.000Z,621.37299,12.377607
2016-07-31T04:00:00.000Z,635.588,12.733222
2016-07-30T04:00:00.000Z,656.681,12.73773
2016-07-29T04:00:00.000Z,655.427,12.844266
2016-07-28T04:00:00.000Z,656.91599,12.393433
2016-07-27T04:00:00.000Z,650.82899,13.618806
2016-07-26T04:00:00.000Z,655.418,13.385314
2016-07-25T04:00:00.000Z,660.284,14.190763
2016-07-24T04:00:00.000Z,654.895,14.502578
2016-07-23T04:00:00.000Z,654.725,12.553567
2016-07-22T04:00:00.000Z,666.747,12.376475
2016-07-21T04:00:00.000Z,662.034,11.735039
2016-07-20T04:00:00.000Z,673.008,11.139944
2016-07-19T04:00:00.000Z,673.832,11.411313
2016-07-18T04:00:00.000Z,681.239,11.561825
2016-07-17T04:00:00.000Z,665.113,11.951451
2016-07-16T04:00:00.000Z,666.56499,11.885718
2016-07-15T04:00:00.000Z,663.638,10.881305
2016-07-14T04:00:00.000Z,654.018,10.515661
2016-07-13T04:00:00.000Z,663.443,10.457758
2016-07-12T04:00:00.000Z,648.136,11.047635
2016-07-11T04:00:00.000Z,656.747,10.823896
2016-07-10T04:00:00.000Z,649.356,10.901109
2016-07-09T04:00:00.000Z,654.85299,10.048061
2016-07-08T04:00:00.000Z,640.476,10.13188
2016-07-07T04:00:00.000Z,671.814,10.326753
2016-07-06T04:00:00.000Z,676.872,11.359705
2016-07-05T04:00:00.000Z,679.351,11.78207
2016-07-04T04:00:00.000Z,670.741,12.086667
2016-07-03T04:00:00.000Z,690.179,12.179126
2016-07-02T04:00:00.000Z,678.567,12.374262
2016-07-01T04:00:00.000Z,683.293,12.494312
2016-06-30T04:00:00.000Z,635.093,11.915406
2016-06-29T04:00:00.000Z,634.357,13.886
2016-06-28T04:00:00.000Z,655.94399,13.931138
2016-06-27T04:00:00.000Z,644.091,14.209372
2016-06-26T04:00:00.000Z,657.22399,14.569529
2016-06-25T04:00:00.000Z,687.168,13.665296
2016-06-24T04:00:00.000Z,657.08999,13.107161
2016-06-23T04:00:00.000Z,581.249,14.95764
2016-06-22T04:00:00.000Z,657.013,11.174118
2016-06-21T04:00:00.000Z,702.696,12.250261
2016-06-20T04:00:00.000Z,758.903,12.721143
2016-06-19T04:00:00.000Z,747.831,14.262145
2016-06-18T04:00:00.000Z,736.386,21.2794
2016-06-17T04:00:00.000Z,773.25,18.661962
2016-06-16T04:00:00.000Z,732.357,18.396721
2016-06-15T04:00:00.000Z,685.442,17.99626
2016-06-14T04:00:00.000Z,695.155,15.441725
2016-06-13T04:00:00.000Z,682.226,14.301974
2016-06-12T04:00:00.000Z,633.205,13.8645
2016-06-11T04:00:00.000Z,583.87,14.200965
2016-06-10T04:00:00.000Z,574.953,14.466797
2016-06-09T04:00:00.000Z,580.43599,14.655687
2016-06-08T04:00:00.000Z,576.226,13.943334
2016-06-07T04:00:00.000Z,585.399,13.753011
2016-06-06T04:00:00.000Z,578.84899,13.637499
2016-06-05T04:00:00.000Z,579.343,13.619672
2016-06-04T04:00:00.000Z,571.139,13.826359
2016-06-03T04:00:00.000Z,537.185,13.630606
2016-06-02T04:00:00.000Z,538.568,13.89002
2016-06-01T04:00:00.000Z,528.04999,12.696851
2016-05-31T04:00:00.000Z,537.23299,12.302019
2016-05-30T04:00:00.000Z,529.917,11.973384
2016-05-29T04:00:00.000Z,516.051,10.602814
2016-05-28T04:00:00.000Z,489.847,11.297005
2016-05-27T04:00:00.000Z,467.262,12.8516
2016-05-26T04:00:00.000Z,448.278,12.531584
2016-05-25T04:00:00.000Z,447.035,13.415642
2016-05-24T04:00:00.000Z,444.489,14.153041
2016-05-23T04:00:00.000Z,440.551,13.721357
2016-05-22T04:00:00.000Z,442.892,13.095667
2016-05-21T04:00:00.000Z,442.953,14.566127
2016-05-20T04:00:00.000Z,440.231,13.309152
2016-05-19T04:00:00.000Z,453.494,12.671507
2016-05-18T04:00:00.000Z,454.064,11.300386
2016-05-17T04:00:00.000Z,454.278,10.221577
2016-05-16T04:00:00.000Z,457.64099,10.418331
2016-05-15T04:00:00.000Z,456.093,10.283427
2016-05-14T04:00:00.000Z,456.039,10.386921
2016-05-13T04:00:00.000Z,453.701,9.872727
2016-05-12T04:00:00.000Z,451.155,9.482134
2016-05-11T04:00:00.000Z,454.39399,9.409434
2016-05-10T04:00:00.000Z,460.954,9.398316
2016-05-09T04:00:00.000Z,458.708,9.248766
2016-05-08T04:00:00.000Z,459.937,9.320362
2016-05-07T04:00:00.000Z,458.864,9.920161
2016-05-06T04:00:00.000Z,447.58599,9.4005
2016-05-05T04:00:00.000Z,447.73999,9.48813
2016-05-04T04:00:00.000Z,449.157,9.818807
2016-05-03T04:00:00.000Z,443.681,9.069084
2016-05-02T04:00:00.000Z,453.067,8.684684
2016-05-01T04:00:00.000Z,449.108,7.646307
2016-04-30T04:00:00.000Z,454.375,7.462268
2016-04-29T04:00:00.000Z,446.236,7.54001
2016-04-28T04:00:00.000Z,441.304,7.444989
2016-04-27T04:00:00.000Z,466.064,7.46844
2016-04-26T04:00:00.000Z,464.429,8.061256
2016-04-25T04:00:00.000Z,458.626,8.475849
2016-04-24T04:00:00.000Z,455.152,7.88495
2016-04-23T04:00:00.000Z,447.233,8.262633
2016-04-22T04:00:00.000Z,446.776,8.483955
2016-04-21T04:00:00.000Z,443.758,8.596728
2016-04-20T04:00:00.000Z,435.926,9.096884
2016-04-19T04:00:00.000Z,428.522,9.279722
2016-04-18T04:00:00.000Z,429.318,9.132143
2016-04-17T04:00:00.000Z,430.453,8.246231
2016-04-16T04:00:00.000Z,429.775,8.35775
2016-04-15T04:00:00.000Z,426.279,8.365123
2016-04-14T04:00:00.000Z,425.494,7.098819
2016-04-13T04:00:00.000Z,426.84399,8.088833
2016-04-12T04:00:00.000Z,426.383,8.809607
2016-04-11T04:00:00.000Z,421.192,9.03829
2016-04-10T04:00:00.000Z,418.078,9.960003
2016-04-09T04:00:00.000Z,415.751,10.264577
2016-04-08T04:00:00.000Z,421.616,10.660057
2016-04-07T04:00:00.000Z,420.553,10.45508
2016-04-06T04:00:00.000Z,422.29499,10.865302
2016-04-05T04:00:00.000Z,422.044,11.638093
2016-04-04T04:00:00.000Z,418.593,11.537668
2016-04-03T04:00:00.000Z,418.93999,11.465972
2016-04-02T04:00:00.000Z,418.785,11.657835
2016-04-01T04:00:00.000Z,416.012,11.906417
2016-03-31T04:00:00.000Z,414.458,11.620024
2016-03-30T04:00:00.000Z,414.613,11.361113
2016-03-29T04:00:00.000Z,423.597,11.298643
2016-03-28T04:00:00.000Z,424.297,10.798301
2016-03-27T04:00:00.000Z,416.233,10.95367
2016-03-26T04:00:00.000Z,416.851,10.717539
2016-03-25T04:00:00.000Z,414.75699,11.88883
2016-03-24T04:00:00.000Z,415.837,11.535684
2016-03-23T04:00:00.000Z,417.318,11.548473
2016-03-22T04:00:00.000Z,415.125,10.68432
2016-03-21T04:00:00.000Z,407.496,10.694646
2016-03-20T04:00:00.000Z,409.24,10.611342
2016-03-19T04:00:00.000Z,407.473,11.021445
2016-03-18T04:00:00.000Z,417.154,12.405536
2016-03-17T04:00:00.000Z,417.138,13.150548
2016-03-16T04:00:00.000Z,414.167,12.03913
2016-03-15T04:00:00.000Z,416.034,12.828765
2016-03-14T04:00:00.000Z,414.208,14.080665
2016-03-13T05:00:00.000Z,411.637,12.772452
2016-03-12T05:00:00.000Z,415.04,10.831474
2016-03-11T05:00:00.000Z,416.708,12.111201
2016-03-10T05:00:00.000Z,411.672,10.288869
2016-03-09T05:00:00.000Z,410.739,8.773093
2016-03-08T05:00:00.000Z,414.213,10.786501
2016-03-07T05:00:00.000Z,407.276,11.30321
2016-03-06T05:00:00.000Z,397.883,10.161934
2016-03-05T05:00:00.000Z,407.722,8.569114
2016-03-04T05:00:00.000Z,421.597,8.512542
2016-03-03T05:00:00.000Z,419.254,7.552274
2016-03-02T05:00:00.000Z,434.001,6.414685
2016-03-01T05:00:00.000Z,436.426,6.558609
2016-02-29T05:00:00.000Z,438.28,6.343376
2016-02-28T05:00:00.000Z,425.502,6.026489
2016-02-27T05:00:00.000Z,433.401,5.893572
2016-02-26T05:00:00.000Z,421.244,6.141016
2016-02-25T05:00:00.000Z,422.617,5.544
2016-02-24T05:00:00.000Z,419.896,5.772068
2016-02-23T05:00:00.000Z,438.745,5.100212
2016-02-22T05:00:00.000Z,436.14,4.243621
2016-02-21T05:00:00.000Z,439.61,4.471239
2016-02-20T05:00:00.000Z,422.054,4.73599
2016-02-19T05:00:00.000Z,421.956,3.635079
2016-02-18T05:00:00.000Z,417.492,4.399924
2016-02-17T05:00:00.000Z,407.017,5.323951
2016-02-16T05:00:00.000Z,401.663,5.741672
2016-02-15T05:00:00.000Z,405.621,4.767885
2016-02-14T05:00:00.000Z,397.23,5.329095
2016-02-13T05:00:00.000Z,388.87,6.552829
2016-02-12T05:00:00.000Z,378.576,4.471621
2016-02-11T05:00:00.000Z,379.186,4.274951
2016-02-10T05:00:00.000Z,374.764,3.171354
2016-02-09T05:00:00.000Z,372.434,2.965984
2016-02-08T05:00:00.000Z,376.924,2.568608
2016-02-07T05:00:00.000Z,376.44,2.524713
2016-02-06T05:00:00.000Z,377.889,2.54249
2016-02-05T05:00:00.000Z,386.954,2.449304
2016-02-04T05:00:00.000Z,370.433,2.35222
2016-02-03T05:00:00.000Z,372.762,2.144291
2016-02-02T05:00:00.000Z,372.453,2.19333
2016-02-01T05:00:00.000Z,372.157,2.476824
2016-01-31T05:00:00.000Z,378.174,2.540141
2016-01-30T05:00:00.000Z,376.952,2.54387
2016-01-29T05:00:00.000Z,369.133,2.363919
2016-01-28T05:00:00.000Z,381.356,2.463335
2016-01-27T05:00:00.000Z,392.389,2.671689
2016-01-26T05:00:00.000Z,390.715,2.191263
2016-01-25T05:00:00.000Z,397.885,2.198391
2016-01-24T05:00:00.000Z,388.538,1.629212
2016-01-23T05:00:00.000Z,388.219,1.507437
2016-01-22T05:00:00.000Z,403.271,1.570498
2016-01-21T05:00:00.000Z,417.439,1.381008
2016-01-20T05:00:00.000Z,378.775,1.414796
2016-01-19T05:00:00.000Z,382.738,1.404201
2016-01-18T05:00:00.000Z,380.817,1.22759
2016-01-17T05:00:00.000Z,383.138,1.218812
2016-01-16T05:00:00.000Z,372.737,1.214603
2016-01-15T05:00:00.000Z,416.29,1.137388
2016-01-14T05:00:00.000Z,431.41,1.123385
2016-01-13T05:00:00.000Z,431.156,1.066742
2016-01-12T05:00:00.000Z,446.614,1.054485
2016-01-11T05:00:00.000Z,450.312,0.976544
2016-01-10T05:00:00.000Z,445.327,0.973215
2016-01-09T05:00:00.000Z,452.368,0.971532
2016-01-08T05:00:00.000Z,457.168,0.954133
2016-01-07T05:00:00.000Z,441.021,0.945187
2016-01-06T05:00:00.000Z,427.164,0.9592
2016-01-05T05:00:00.000Z,433.732,0.964273
2016-01-04T05:00:00.000Z,431.691,0.946475
2016-01-03T05:00:00.000Z,431.985,0.954338
2016-01-02T05:00:00.000Z,433.773,0.939963
2016-01-01T05:00:00.000Z,432.358,0.959113
2015-12-31T05:00:00.000Z,424.962,0.875728
2015-12-30T05:00:00.000Z,431.029,0.845619
2015-12-29T05:00:00.000Z,422.741,0.87006
2015-12-28T05:00:00.000Z,427.817,0.872795
2015-12-27T05:00:00.000Z,419.338,0.85956
2015-12-26T05:00:00.000Z,447.606,0.859723
2015-12-25T05:00:00.000Z,455.743,0.85239
2015-12-24T05:00:00.000Z,456.572,0.860184
2015-12-23T05:00:00.000Z,437.994,0.891691
2015-12-22T05:00:00.000Z,438.276,0.909542
2015-12-21T05:00:00.000Z,435.64099,0.906143
2015-12-20T05:00:00.000Z,460.238,0.902221
2015-12-19T05:00:00.000Z,464.218,0.909203
2015-12-18T05:00:00.000Z,456.425,0.980235
2015-12-17T05:00:00.000Z,451.102,0.976204
2015-12-16T05:00:00.000Z,445.805,0.992982
2015-12-15T05:00:00.000Z,453.676,0.983037
2015-12-14T05:00:00.000Z,437.021,0.970127
2015-12-13T05:00:00.000Z,435.091,0.957485
2015-12-12T05:00:00.000Z,467.831,0.831718
2015-12-11T05:00:00.000Z,421.813,0.7904
2015-12-10T05:00:00.000Z,415.076,0.802668
2015-12-09T05:00:00.000Z,421.424,0.793856
2015-12-08T05:00:00.000Z,395.59299,0.840918
2015-12-07T05:00:00.000Z,391.618,0.862831
2015-12-06T05:00:00.000Z,394.861,0.834368
2015-12-05T05:00:00.000Z,369.956,0.831416
2015-12-04T05:00:00.000Z,358.443,0.818644
2015-12-03T05:00:00.000Z,366.788,0.84846
2015-12-02T05:00:00.000Z,352.128,0.864777
2015-12-01T05:00:00.000Z,377.798,0.862868
2015-11-30T05:00:00.000Z,375.204,0.919118
2015-11-29T05:00:00.000Z,356.806,0.889247
2015-11-28T05:00:00.000Z,354.954,0.895359
2015-11-27T05:00:00.000Z,349.138,0.85455
2015-11-26T05:00:00.000Z,332.471,0.894563
2015-11-25T05:00:00.000Z,318.337,0.943054
2015-11-24T05:00:00.000Z,320.993,0.987436
2015-11-23T05:00:00.000Z,322.606,0.976503
2015-11-22T05:00:00.000Z,326.365,0.934916
2015-11-21T05:00:00.000Z,321.482,0.93856
2015-11-20T05:00:00.000Z,315.63099,0.991469
2015-11-19T05:00:00.000Z,334.02499,0.970144
2015-11-18T05:00:00.000Z,333.33299,0.917747
2015-11-17T05:00:00.000Z,337.759,0.938097
2015-11-16T05:00:00.000Z,320.06,0.89712
2015-11-15T05:00:00.000Z,333.951,0.904045
2015-11-14T05:00:00.000Z,334.125,0.898162
2015-11-13T05:00:00.000Z,337.893,0.784963
2015-11-12T05:00:00.000Z,320.036,0.854742
2015-11-11T05:00:00.000Z,311.702,0.989914
2015-11-10T05:00:00.000Z,376.948,1.080845
2015-11-09T05:00:00.000Z,370.652,0.933398
2015-11-08T05:00:00.000Z,387.775,0.916739
2015-11-07T05:00:00.000Z,377.64099,0.878713
2015-11-06T05:00:00.000Z,359.586,0.926706
2015-11-05T05:00:00.000Z,434.31683,1.018074
2015-11-04T05:00:00.000Z,432.46133,0.964695
2015-11-03T05:00:00.000Z,369.51133,1.068958
2015-11-02T05:00:00.000Z,325.64666,0.913563
2015-11-01T04:00:00.000Z,311.70274,0.9483
2015-10-31T04:00:00.000Z,327.58425,1.25408
2015-10-30T04:00:00.000Z,326.55691,0.96149
2015-10-29T04:00:00.000Z,304.32691,0.847653
2015-10-28T04:00:00.000Z,300.53566,0.810927
2015-10-27T04:00:00.000Z,287.83091,0.626306
2015-10-26T04:00:00.000Z,284.286,0.555001
2015-10-25T04:00:00.000Z,286.86941,0.543105
2015-10-24T04:00:00.000Z,279.97908,0.561577
2015-10-23T04:00:00.000Z,274.25325,0.428394
2015-10-22T04:00:00.000Z,267.46908,0.490282
2015-10-21T04:00:00.000Z,270.49541,0.490581
2015-10-20T04:00:00.000Z,264.92575,0.518259
2015-10-19T04:00:00.000Z,264.98625,0.549124
2015-10-18T04:00:00.000Z,270.04041,0.523356
2015-10-17T04:00:00.000Z,267.53983,0.55132
2015-10-16T04:00:00.000Z,255.72741,0.520789
2015-10-15T04:00:00.000Z,254.64216,0.580101
2015-10-14T04:00:00.000Z,249.45908,0.615958
2015-10-13T04:00:00.000Z,244.57641,0.630986
2015-10-12T04:00:00.000Z,247.65041,0.622336
2015-10-11T04:00:00.000Z,245.07,0.639178
2015-10-10T04:00:00.000Z,244.96533,0.647476
2015-10-09T04:00:00.000Z,243.25675,0.597617
2015-10-08T04:00:00.000Z,244.49816,0.627348
2015-10-07T04:00:00.000Z,246.49633,0.611915
2015-10-06T04:00:00.000Z,240.63075,0.674765
2015-10-05T04:00:00.000Z,238.82433,0.704391
2015-10-04T04:00:00.000Z,238.99883,0.673569
2015-10-03T04:00:00.000Z,237.63516,0.683352
2015-10-02T04:00:00.000Z,238.06358,0.74342
2015-10-01T04:00:00.000Z,237.15191,0.663342
2015-09-30T04:00:00.000Z,238.06125,0.587136
2015-09-29T04:00:00.000Z,238.56625,0.673928
2015-09-28T04:00:00.000Z,237.21116,0.786708
2015-09-27T04:00:00.000Z,234.32908,0.71822
2015-09-26T04:00:00.000Z,234.92466,0.823158
2015-09-25T04:00:00.000Z,233.74475,0.882362
2015-09-24T04:00:00.000Z,231.09508,0.902332
2015-09-23T04:00:00.000Z,231.30983,0.903632
2015-09-22T04:00:00.000Z,227.79358,0.9786
2015-09-21T04:00:00.000Z,230.75433,0.876125
2015-09-20T04:00:00.000Z,231.33733,0.852294
2015-09-19T04:00:00.000Z,232.50008,0.8584
2015-09-18T04:00:00.000Z,233.2385,0.908822
2015-09-17T04:00:00.000Z,229.58975,0.953877
2015-09-16T04:00:00.000Z,230.98066,0.895974
2015-09-15T04:00:00.000Z,230.51091,0.943382
2015-09-14T04:00:00.000Z,229.15808,1.057922
2015-09-13T04:00:00.000Z,235.053,0.99657
2015-09-12T04:00:00.000Z,239.81675,1.133807
2015-09-11T04:00:00.000Z,240.56366,1.21412
2015-09-10T04:00:00.000Z,237.99466,1.22715
2015-09-09T04:00:00.000Z,244.31383,1.273887
2015-09-08T04:00:00.000Z,242.01891,1.283866
2015-09-07T04:00:00.000Z,239.88,1.350303
2015-09-06T04:00:00.000Z,240.70116,1.272847
2015-09-05T04:00:00.000Z,229.66691,1.277428
2015-09-04T04:00:00.000Z,227.14741,1.293887
2015-09-03T04:00:00.000Z,228.35299,1.327498
2015-09-02T04:00:00.000Z,226.28841,1.334005
2015-09-01T04:00:00.000Z,229.02966,1.254864
2015-08-31T04:00:00.000Z,227.18083,1.129976
2015-08-30T04:00:00.000Z,230.58541,1.18735
2015-08-29T04:00:00.000Z,230.93575,1.15499
2015-08-28T04:00:00.000Z,224.18875,1.182596
2015-08-27T04:00:00.000Z,224.53608,1.054577
2015-08-26T04:00:00.000Z,219.81583,1.209496
2015-08-25T04:00:00.000Z,203.18133,1.374641
2015-08-24T04:00:00.000Z,227.23233,1.320872
2015-08-23T04:00:00.000Z,231.21275,1.36656
2015-08-22T04:00:00.000Z,233.03691,1.447462
2015-08-21T04:00:00.000Z,234.56375,1.279549
2015-08-20T04:00:00.000Z,232.06483,1.182837
2015-08-19T04:00:00.000Z,230.38424,1.199595
2015-08-18T04:00:00.000Z,256.44841,1.423244
2015-08-17T04:00:00.000Z,258.0065,1.693707
2015-08-16T04:00:00.000Z,261.20058,1.591219
2015-08-15T04:00:00.000Z,265.3955,1.95146
2015-08-14T04:00:00.000Z,262.01758,1.266023
2015-08-13T04:00:00.000Z,264.14299,0.850151
2015-08-12T04:00:00.000Z,270.22325,0.668067
2015-08-11T04:00:00.000Z,264.87516,0.692321
2015-08-10T04:00:00.000Z,265.0825,0.909046
2015-08-09T04:00:00.000Z,261.75225,
2015-08-08T04:00:00.000Z,278.2765,
2015-08-07T04:00:00.000Z,275.92866,
2015-08-06T04:00:00.000Z,280.9375,
2015-08-05T04:00:00.000Z,284.24366,
2015-08-04T04:00:00.000Z,283.49091,
2015-08-03T04:00:00.000Z,279.48591,
2015-08-02T04:00:00.000Z,278.68258,
2015-08-01T04:00:00.000Z,282.33741,
2015-07-31T04:00:00.000Z,286.74491,
2015-07-30T04:00:00.000Z,288.61658,
2015-07-29T04:00:00.000Z,292.99425,
2015-07-28T04:00:00.000Z,293.15058,
2015-07-27T04:00:00.000Z,291.20091,
2015-07-26T04:00:00.000Z,287.83983,
2015-07-25T04:00:00.000Z,287.55583,
2015-07-24T04:00:00.000Z,276.24491,
2015-07-23T04:00:00.000Z,276.2095,
2015-07-22T04:00:00.000Z,274.87242,
2015-07-21T04:00:00.000Z,279.45925,
2015-07-20T04:00:00.000Z,274.28387,
2015-07-19T04:00:00.000Z,275.30687,
2015-07-18T04:00:00.000Z,278.33337,
2015-07-17T04:00:00.000Z,276.97924,
2015-07-16T04:00:00.000Z,287.55762,
2015-07-15T04:00:00.000Z,288.48787,
2015-07-14T04:00:00.000Z,290.93137,
2015-07-13T04:00:00.000Z,304.9905,
2015-07-12T04:00:00.000Z,301.03837,
2015-07-11T04:00:00.000Z,286.53662,
2015-07-10T04:00:00.000Z,269.24925,
2015-07-09T04:00:00.000Z,267.943,
2015-07-08T04:00:00.000Z,264.356,
2015-07-07T04:00:00.000Z,270.07587,
2015-07-06T04:00:00.000Z,267.60762,
2015-07-05T04:00:00.000Z,261.42899,
2015-07-04T04:00:00.000Z,253.87887,
2015-07-03T04:00:00.000Z,255.52675,
2015-07-02T04:00:00.000Z,259.62937,
2015-07-01T04:00:00.000Z,261.71749,
2015-06-30T04:00:00.000Z,258.38549,
2015-06-29T04:00:00.000Z,249.42725,
2015-06-28T04:00:00.000Z,250.382,
2015-06-27T04:00:00.000Z,242.28812,
2015-06-26T04:00:00.000Z,242.31912,
2015-06-25T04:00:00.000Z,240.9204,
2015-06-24T04:00:00.000Z,243.371,
2015-06-23T04:00:00.000Z,247.1273,
2015-06-22T04:00:00.000Z,244.9588,
2015-06-21T04:00:00.000Z,244.15625,
2015-06-20T04:00:00.000Z,240.7897,
2015-06-19T04:00:00.000Z,249.0733,
2015-06-18T04:00:00.000Z,247.2359,
2015-06-17T04:00:00.000Z,248.7435,
2015-06-16T04:00:00.000Z,237.39899,
2015-06-15T04:00:00.000Z,234.7473,
2015-06-14T04:00:00.000Z,233.1445,
2015-06-13T04:00:00.000Z,230.6695,
2015-06-12T04:00:00.000Z,229.9082,
2015-06-11T04:00:00.000Z,229.9599,
2015-06-10T04:00:00.000Z,229.2025,
2015-06-09T04:00:00.000Z,228.1884,
2015-06-08T04:00:00.000Z,223.69459,
2015-06-07T04:00:00.000Z,225.8403,
2015-06-06T04:00:00.000Z,224.2525,
2015-06-05T04:00:00.000Z,223.9665,
2015-06-04T04:00:00.000Z,225.444,
2015-06-03T04:00:00.000Z,226.6168,
2015-06-02T04:00:00.000Z,223.415,
2015-06-01T04:00:00.000Z,230.8331,
2015-05-31T04:00:00.000Z,233.3328,
2015-05-30T04:00:00.000Z,236.1404,
2015-05-29T04:00:00.000Z,237.2277,
2015-05-28T04:00:00.000Z,237.6708,
2015-05-27T04:00:00.000Z,237.1844,
2015-05-26T04:00:00.000Z,237.6588,
2015-05-25T04:00:00.000Z,240.9415,
2015-05-24T04:00:00.000Z,239.7985,
2015-05-23T04:00:00.000Z,240.1588,
2015-05-22T04:00:00.000Z,235.86329,
2015-05-21T04:00:00.000Z,234.204,
2015-05-20T04:00:00.000Z,232.7193,
2015-05-19T04:00:00.000Z,233.3119,
2015-05-18T04:00:00.000Z,236.2319,
2015-05-17T04:00:00.000Z,236.339,
2015-05-16T04:00:00.000Z,236.657,
2015-05-15T04:00:00.000Z,237.5737,
2015-05-14T04:00:00.000Z,235.5478,
2015-05-13T04:00:00.000Z,241.3529,
2015-05-12T04:00:00.000Z,240.00079,
2015-05-11T04:00:00.000Z,239.4036,
2015-05-10T04:00:00.000Z,241.516,
2015-05-09T04:00:00.000Z,244.6989,
2015-05-08T04:00:00.000Z,237.059,
2015-05-07T04:00:00.000Z,230.4207,
2015-05-06T04:00:00.000Z,235.6017,
2015-05-05T04:00:00.000Z,235.6033,
2015-05-04T04:00:00.000Z,240.3646,
2015-05-03T04:00:00.000Z,236.2378,
2015-05-02T04:00:00.000Z,233.8511,
2015-05-01T04:00:00.000Z,236.6827,
2015-04-30T04:00:00.000Z,225.9976,
2015-04-29T04:00:00.000Z,225.3545,
2015-04-28T04:00:00.000Z,227.3867,
2015-04-27T04:00:00.000Z,219.19029,
2015-04-26T04:00:00.000Z,219.94549,
2015-04-25T04:00:00.000Z,228.92379,
2015-04-24T04:00:00.000Z,233.40079,
2015-04-23T04:00:00.000Z,234.15749,
2015-04-22T04:00:00.000Z,235.50369,
2015-04-21T04:00:00.000Z,224.9815,
2015-04-20T04:00:00.000Z,223.9214,
2015-04-19T04:00:00.000Z,223.4062,
2015-04-18T04:00:00.000Z,223.317,
2015-04-17T04:00:00.000Z,227.9255,
2015-04-16T04:00:00.000Z,226.0171,
2015-04-15T04:00:00.000Z,220.9126,
2015-04-14T04:00:00.000Z,222.6009,
2015-04-13T04:00:00.000Z,235.522,
2015-04-12T04:00:00.000Z,236.5542,
2015-04-11T04:00:00.000Z,236.4388,
2015-04-10T04:00:00.000Z,240.9478,
2015-04-09T04:00:00.000Z,244.0449,
2015-04-08T04:00:00.000Z,252.8629,
2015-04-07T04:00:00.000Z,252.0909,
2015-04-06T04:00:00.000Z,260.3589,
2015-04-05T04:00:00.000Z,252.0256,
2015-04-04T04:00:00.000Z,253.4334,
2015-04-03T04:00:00.000Z,252.0578,
2015-04-02T04:00:00.000Z,246.96,
2015-04-01T04:00:00.000Z,243.3028,
2015-03-31T04:00:00.000Z,247.2639,
2015-03-30T04:00:00.000Z,245.1133,
2015-03-29T04:00:00.000Z,246.728,
2015-03-28T04:00:00.000Z,248.4467,
2015-03-27T04:00:00.000Z,246.5497,
2015-03-26T04:00:00.000Z,245.6489,
2015-03-25T04:00:00.000Z,246.6733,
2015-03-24T04:00:00.000Z,265.273,
2015-03-23T04:00:00.000Z,267.5549,
2015-03-22T04:00:00.000Z,259.3943,
2015-03-21T04:00:00.000Z,259.913,
2015-03-20T04:00:00.000Z,263.4741,
2015-03-19T04:00:00.000Z,252.44789,
2015-03-18T04:00:00.000Z,283.7507,
2015-03-17T04:00:00.000Z,290.542,
2015-03-16T04:00:00.000Z,290.61579,
2015-03-15T04:00:00.000Z,283.0809,
2015-03-14T04:00:00.000Z,282.644,
2015-03-13T04:00:00.000Z,293.224,
2015-03-12T04:00:00.000Z,292.8678,
2015-03-11T04:00:00.000Z,289.7149,
2015-03-10T04:00:00.000Z,294.1886,
2015-03-09T04:00:00.000Z,277.98519,
2015-03-08T05:00:00.000Z,276.72789,
2015-03-07T05:00:00.000Z,270.86109,
2015-03-06T05:00:00.000Z,274.8977,
2015-03-05T05:00:00.000Z,269.2606,
2015-03-04T05:00:00.000Z,278.1172,
2015-03-03T05:00:00.000Z,270.7625,
2015-03-02T05:00:00.000Z,258.8485,
2015-03-01T05:00:00.000Z,251.9314,
2015-02-28T05:00:00.000Z,251.03416,
2015-02-27T05:00:00.000Z,251.28908,
2015-02-26T05:00:00.000Z,235.67716,
2015-02-25T05:00:00.000Z,238.15225,
2015-02-24T05:00:00.000Z,238.93183,
2015-02-23T05:00:00.000Z,235.14141,
2015-02-22T05:00:00.000Z,245.145,
2015-02-21T05:00:00.000Z,245.70566,
2015-02-20T05:00:00.000Z,241.07183,
2015-02-19T05:00:00.000Z,237.1035,
2015-02-18T05:00:00.000Z,242.93183,
2015-02-17T05:00:00.000Z,235.71275,
2015-02-16T05:00:00.000Z,230.1355,
2015-02-15T05:00:00.000Z,256.21758,
2015-02-14T05:00:00.000Z,237.65716,
2015-02-13T05:00:00.000Z,223.96716,
2015-02-12T05:00:00.000Z,218.72833,
2015-02-11T05:00:00.000Z,223.00366,
2015-02-10T05:00:00.000Z,220.16725,
2015-02-09T05:00:00.000Z,222.78408,
2015-02-08T05:00:00.000Z,225.73291,
2015-02-07T05:00:00.000Z,225.46666,
2015-02-06T05:00:00.000Z,219.75625,
2015-02-05T05:00:00.000Z,226.554,
2015-02-04T05:00:00.000Z,225.83858,
2015-02-03T05:00:00.000Z,237.65175,
2015-02-02T05:00:00.000Z,229.80441,
2015-02-01T05:00:00.000Z,216.66066,
2015-01-31T05:00:00.000Z,226.94116,
2015-01-30T05:00:00.000Z,233.141,
2015-01-29T05:00:00.000Z,235.948,
2015-01-28T05:00:00.000Z,257.447,
2015-01-27T05:00:00.000Z,258.5374,
2015-01-26T05:00:00.000Z,283.59769,
2015-01-25T05:00:00.000Z,251.606,
2015-01-24T05:00:00.000Z,231.4242,
2015-01-23T05:00:00.000Z,226.30419,
2015-01-22T05:00:00.000Z,230.6754,
2015-01-21T05:00:00.000Z,212.28249,
2015-01-20T05:00:00.000Z,211.5401,
2015-01-19T05:00:00.000Z,212.2711,
2015-01-18T05:00:00.000Z,195.59467,
2015-01-17T05:00:00.000Z,209.1655,
2015-01-16T05:00:00.000Z,220.5745,
2015-01-15T05:00:00.000Z,193.3511,
2015-01-14T05:00:00.000Z,219.128,
2015-01-13T05:00:00.000Z,243.081,
2015-01-12T05:00:00.000Z,268.10199,
2015-01-11T05:00:00.000Z,277.64999,
2015-01-10T05:00:00.000Z,286.688,
2015-01-09T05:00:00.000Z,281.03625,
2015-01-08T05:00:00.000Z,290.485,
2015-01-07T05:00:00.000Z,283.84125,
2015-01-06T05:00:00.000Z,272.0175,
2015-01-05T05:00:00.000Z,270.813,
2015-01-04T05:00:00.000Z,277.853,
2015-01-03T05:00:00.000Z,311.14099,
2015-01-02T05:00:00.000Z,314.49899,
2015-01-01T05:00:00.000Z,317.204,
2014-12-31T05:00:00.000Z,309.903,
2014-12-30T05:00:00.000Z,313.994,
2014-12-29T05:00:00.000Z,315.64,
2014-12-28T05:00:00.000Z,316.009,
2014-12-27T05:00:00.000Z,320.868,
2014-12-26T05:00:00.000Z,318.563,
2014-12-25T05:00:00.000Z,321.386,
2014-12-24T05:00:00.000Z,332.053,
2014-12-23T05:00:00.000Z,328.701,
2014-12-22T05:00:00.000Z,320.03499,
2014-12-21T05:00:00.000Z,321.89299,
2014-12-20T05:00:00.000Z,319.196,
2014-12-19T05:00:00.000Z,306.45999,
2014-12-18T05:00:00.000Z,317.405,
2014-12-17T05:00:00.000Z,330.536,
2014-12-16T05:00:00.000Z,338.547,
2014-12-15T05:00:00.000Z,348.674,
2014-12-14T05:00:00.000Z,347.348,
2014-12-13T05:00:00.000Z,346.742,
2014-12-12T05:00:00.000Z,348.272,
2014-12-11T05:00:00.000Z,341.041,
2014-12-10T05:00:00.000Z,348.898,
2014-12-09T05:00:00.000Z,357.884,
2014-12-08T05:00:00.000Z,373.155,
2014-12-07T05:00:00.000Z,373.744,
2014-12-06T05:00:00.000Z,373.414,
2014-12-05T05:00:00.000Z,368.3618,
2014-12-04T05:00:00.000Z,376.382,
2014-12-03T05:00:00.000Z,382.452,
2014-12-02T05:00:00.000Z,377.862,
2014-12-01T05:00:00.000Z,376.13218,
2014-11-30T05:00:00.000Z,376.851,
2014-11-29T05:00:00.000Z,375.44,
2014-11-28T05:00:00.000Z,368.983,
2014-11-27T05:00:00.000Z,372.819,
2014-11-26T05:00:00.000Z,375.498,
2014-11-25T05:00:00.000Z,381.20666,
2014-11-24T05:00:00.000Z,367.83,
2014-11-23T05:00:00.000Z,356.8,
2014-11-22T05:00:00.000Z,352.42,
2014-11-21T05:00:00.000Z,348.565,
2014-11-20T05:00:00.000Z,376.16,
2014-11-19T05:00:00.000Z,375.83333,
2014-11-18T05:00:00.000Z,384.93,
2014-11-17T05:00:00.000Z,400.47166,
2014-11-16T05:00:00.000Z,377.08,
2014-11-15T05:00:00.000Z,394.92666,
2014-11-14T05:00:00.000Z,389.00333,
2014-11-13T05:00:00.000Z,442.10666,
2014-11-12T05:00:00.000Z,376.99666,
2014-11-11T05:00:00.000Z,368.07666,
2014-11-10T05:00:00.000Z,358.50166,
2014-11-09T05:00:00.000Z,343.065,
2014-11-08T05:00:00.000Z,344.81166,
2014-11-07T05:00:00.000Z,346.775,
2014-11-06T05:00:00.000Z,336.585,
2014-11-05T05:00:00.000Z,332.45666,
2014-11-04T05:00:00.000Z,324.71833,
2014-11-03T05:00:00.000Z,331.60083,
2014-11-02T04:00:00.000Z,325.22633,
2014-11-01T04:00:00.000Z,338.0105,
2014-10-31T04:00:00.000Z,343.55875,
2014-10-30T04:00:00.000Z,335.53625,
2014-10-29T04:00:00.000Z,348.9025,
2014-10-28T04:00:00.000Z,349.79625,
2014-10-27T04:00:00.000Z,350.9775,
2014-10-26T04:00:00.000Z,345.1925,
2014-10-25T04:00:00.000Z,353.6325,
2014-10-24T04:00:00.000Z,351.7825,
2014-10-23T04:00:00.000Z,376.59,
2014-10-22T04:00:00.000Z,382.93875,
2014-10-21T04:00:00.000Z,380.0575,
2014-10-20T04:00:00.000Z,381.72375,
2014-10-19T04:00:00.000Z,390.95875,
2014-10-18T04:00:00.000Z,378.675,
2014-10-17T04:00:00.000Z,376.26875,
2014-10-16T04:00:00.000Z,392.56625,
2014-10-15T04:00:00.000Z,396.34625,
2014-10-14T04:00:00.000Z,392.7825,
2014-10-13T04:00:00.000Z,371.15625,
2014-10-12T04:00:00.000Z,356.99875,
2014-10-11T04:00:00.000Z,359.2025,
2014-10-10T04:00:00.000Z,368.59625,
2014-10-09T04:00:00.000Z,351.34625,
2014-10-08T04:00:00.000Z,326.2325,
2014-10-07T04:00:00.000Z,337.23375,
2014-10-06T04:00:00.000Z,308.07875,
2014-10-05T04:00:00.000Z,335.98125,
2014-10-04T04:00:00.000Z,360.7525,
2014-10-03T04:00:00.000Z,372.0575,
2014-10-02T04:00:00.000Z,381.7475,
2014-10-01T04:00:00.000Z,387.94,
2014-09-30T04:00:00.000Z,376.08375,
2014-09-29T04:00:00.000Z,377.97875,
2014-09-28T04:00:00.000Z,398.84,
2014-09-27T04:00:00.000Z,403.4975,
2014-09-26T04:00:00.000Z,410.15,
2014-09-25T04:00:00.000Z,416.12,
2014-09-24T04:00:00.000Z,427.8125,
2014-09-23T04:00:00.000Z,399.5025,
2014-09-22T04:00:00.000Z,399.0975,
2014-09-21T04:00:00.000Z,405.79625,
2014-09-20T04:00:00.000Z,410.08,
2014-09-19T04:00:00.000Z,425.4475,
2014-09-18T04:00:00.000Z,449.95875,
2014-09-17T04:00:00.000Z,464.55375,
2014-09-16T04:00:00.000Z,471.08375,
2014-09-15T04:00:00.000Z,475.02125,
2014-09-14T04:00:00.000Z,475.37875,
2014-09-13T04:00:00.000Z,471.5325,
2014-09-12T04:00:00.000Z,473.6725,
2014-09-11T04:00:00.000Z,479.4175,
2014-09-10T04:00:00.000Z,474.29125,
2014-09-09T04:00:00.000Z,468.5775,
2014-09-08T04:00:00.000Z,473.58625,
2014-09-07T04:00:00.000Z,481.88375,
2014-09-06T04:00:00.000Z,480.9075,
2014-09-05T04:00:00.000Z,485.65125,
2014-09-04T04:00:00.000Z,475.65,
2014-09-03T04:00:00.000Z,476.88375,
2014-09-02T04:00:00.000Z,477.98375,
2014-09-01T04:00:00.000Z,474.5425,
2014-08-31T04:00:00.000Z,502.055,
2014-08-30T04:00:00.000Z,504.70625,
2014-08-29T04:00:00.000Z,506.025,
2014-08-28T04:00:00.000Z,514.62375,
2014-08-27T04:00:00.000Z,513.39125,
2014-08-26T04:00:00.000Z,504.62625,
2014-08-25T04:00:00.000Z,503.32125,
2014-08-24T04:00:00.000Z,501.63125,
2014-08-23T04:00:00.000Z,507.51,
2014-08-22T04:00:00.000Z,508.12875,
2014-08-21T04:00:00.000Z,519.015,
2014-08-20T04:00:00.000Z,472.91,
2014-08-19T04:00:00.000Z,455.91625,
2014-08-18T04:00:00.000Z,489.4675,
2014-08-17T04:00:00.000Z,516.62625,
2014-08-16T04:00:00.000Z,487.56625,
2014-08-15T04:00:00.000Z,511.4725,
2014-08-14T04:00:00.000Z,534.54,
2014-08-13T04:00:00.000Z,565.55125,
2014-08-12T04:00:00.000Z,566.31625,
2014-08-11T04:00:00.000Z,588.7525,
2014-08-10T04:00:00.000Z,586.05875,
2014-08-09T04:00:00.000Z,585.39625,
2014-08-08T04:00:00.000Z,595.80875,
2014-08-07T04:00:00.000Z,583.62375,
2014-08-06T04:00:00.000Z,582.52125,
2014-08-05T04:00:00.000Z,582.33375,
2014-08-04T04:00:00.000Z,585.80125,
2014-08-03T04:00:00.000Z,581.52,
2014-08-02T04:00:00.000Z,593.80625,
2014-08-01T04:00:00.000Z,583.39,
2014-07-31T04:00:00.000Z,564.57,
2014-07-30T04:00:00.000Z,580.5175,
2014-07-29T04:00:00.000Z,585.44875,
2014-07-28T04:00:00.000Z,580.11,
2014-07-27T04:00:00.000Z,592.96375,
2014-07-26T04:00:00.000Z,597.585,
2014-07-25T04:00:00.000Z,602.93125,
2014-07-24T04:00:00.000Z,617.6875,
2014-07-23T04:00:00.000Z,618.4475,
2014-07-22T04:00:00.000Z,622.10749,
2014-07-21T04:00:00.000Z,617.96124,
2014-07-20T04:00:00.000Z,623.00625,
2014-07-19T04:00:00.000Z,623.99625,
2014-07-18T04:00:00.000Z,623.49749,
2014-07-17T04:00:00.000Z,614.68875,
2014-07-16T04:00:00.000Z,619.8075,
2014-07-15T04:00:00.000Z,618.73875,
2014-07-14T04:00:00.000Z,621.42499,
2014-07-13T04:00:00.000Z,627.69,
2014-07-12T04:00:00.000Z,634.35749,
2014-07-11T04:00:00.000Z,616.83124,
2014-07-10T04:00:00.000Z,621.3075,
2014-07-09T04:00:00.000Z,620.72,
2014-07-08T04:00:00.000Z,621.24249,
2014-07-07T04:00:00.000Z,631.29875,
2014-07-06T04:00:00.000Z,631.03,
2014-07-05T04:00:00.000Z,628.41625,
2014-07-04T04:00:00.000Z,643.95124,
2014-07-03T04:00:00.000Z,642.65125,
2014-07-02T04:00:00.000Z,637.85625,
2014-07-01T04:00:00.000Z,647.12249,
2014-06-30T04:00:00.000Z,597.51333,
2014-06-29T04:00:00.000Z,598.73333,
2014-06-28T04:00:00.000Z,597.66833,
2014-06-27T04:00:00.000Z,582.43166,
2014-06-26T04:00:00.000Z,571.76666,
2014-06-25T04:00:00.000Z,575.905,
2014-06-24T04:00:00.000Z,584.64166,
2014-06-23T04:00:00.000Z,592.405,
2014-06-22T04:00:00.000Z,599.57,
2014-06-21T04:00:00.000Z,582.04499,
2014-06-20T04:00:00.000Z,594.09333,
2014-06-19T04:00:00.000Z,601.88666,
2014-06-18T04:00:00.000Z,610.41333,
2014-06-17T04:00:00.000Z,592.25666,
2014-06-16T04:00:00.000Z,589.06666,
2014-06-15T04:00:00.000Z,570.28833,
2014-06-14T04:00:00.000Z,588.52333,
2014-06-13T04:00:00.000Z,585.48333,
2014-06-12T04:00:00.000Z,632.55,
2014-06-11T04:00:00.000Z,642.00666,
2014-06-10T04:00:00.000Z,644.085,
2014-06-09T04:00:00.000Z,652.11,
2014-06-08T04:00:00.000Z,652.59166,
2014-06-07T04:00:00.000Z,648.60166,
2014-06-06T04:00:00.000Z,652.52666,
2014-06-05T04:00:00.000Z,642.89166,
2014-06-04T04:00:00.000Z,627.79833,
2014-06-03T04:00:00.000Z,660.24666,
2014-06-02T04:00:00.000Z,634.98333,
2014-06-01T04:00:00.000Z,638.16333,
2014-05-31T04:00:00.000Z,612.12666,
2014-05-30T04:00:00.000Z,571.845,
2014-05-29T04:00:00.000Z,562.4,
2014-05-28T04:00:00.000Z,572.44833,
2014-05-27T04:00:00.000Z,581.51,
2014-05-26T04:00:00.000Z,579.59333,
2014-05-25T04:00:00.000Z,533.92999,
2014-05-24T04:00:00.000Z,512.30833,
2014-05-23T04:00:00.000Z,522.31,
2014-05-22T04:00:00.000Z,490.18666,
2014-05-21T04:00:00.000Z,489.86999,
2014-05-20T04:00:00.000Z,455.65333,
2014-05-19T04:00:00.000Z,444.73833,
2014-05-18T04:00:00.000Z,445.15666,
2014-05-17T04:00:00.000Z,445.60666,
2014-05-16T04:00:00.000Z,443.18,
2014-05-15T04:00:00.000Z,445.045,
2014-05-14T04:00:00.000Z,438.88,
2014-05-13T04:00:00.000Z,437,
2014-05-12T04:00:00.000Z,434.27,
2014-05-11T04:00:00.000Z,449.74166,
2014-05-10T04:00:00.000Z,449.04333,
2014-05-09T04:00:00.000Z,439.04,
2014-05-08T04:00:00.000Z,442.57666,
2014-05-07T04:00:00.000Z,428.42593,
2014-05-06T04:00:00.000Z,418.61831,
2014-05-05T04:00:00.000Z,432.78748,
2014-05-04T04:00:00.000Z,438.29035,
2014-05-03T04:00:00.000Z,441.97833,
2014-05-02T04:00:00.000Z,453.59833,
2014-05-01T04:00:00.000Z,454.55666,
2014-04-30T04:00:00.000Z,444.85668,
2014-04-29T04:00:00.000Z,432.60498,
2014-04-28T04:00:00.000Z,426.78166,
2014-04-27T04:00:00.000Z,452.14829,
2014-04-26T04:00:00.000Z,448.77834,
2014-04-25T04:00:00.000Z,469.08816,
2014-04-24T04:00:00.000Z,487.11333,
2014-04-23T04:00:00.000Z,487.84,
2014-04-22T04:00:00.000Z,497.65001,
2014-04-21T04:00:00.000Z,505.09665,
2014-04-20T04:00:00.000Z,507.80663,
2014-04-19T04:00:00.000Z,469.38332,
2014-04-18T04:00:00.000Z,490.8785,
2014-04-17T04:00:00.000Z,522.455,
2014-04-16T04:00:00.000Z,517.09666,
2014-04-15T04:00:00.000Z,455.28316,
2014-04-14T04:00:00.000Z,409.03166,
2014-04-13T04:00:00.000Z,423.51566,
2014-04-12T04:00:00.000Z,438.24666,
2014-04-11T04:00:00.000Z,374.59166,
2014-04-10T04:00:00.000Z,426.98333,
2014-04-09T04:00:00.000Z,450.48083,
2014-04-08T04:00:00.000Z,452.81,
2014-04-07T04:00:00.000Z,456.46948,
2014-04-06T04:00:00.000Z,462.445,
2014-04-05T04:00:00.000Z,453.87148,
2014-04-04T04:00:00.000Z,432.99716,
2014-04-03T04:00:00.000Z,427.87498,
2014-04-02T04:00:00.000Z,480.16581,
2014-04-01T04:00:00.000Z,464.88,
2014-03-31T04:00:00.000Z,472.4783,
2014-03-30T04:00:00.000Z,486.80845,
2014-03-29T04:00:00.000Z,499.24998,
2014-03-28T04:00:00.000Z,509.70665,
2014-03-27T04:00:00.000Z,570.54833,
2014-03-26T04:00:00.000Z,572.49161,
2014-03-25T04:00:00.000Z,573.34998,
2014-03-24T04:00:00.000Z,557.16833,
2014-03-23T04:00:00.000Z,562.95333,
2014-03-22T04:00:00.000Z,570.36168,
2014-03-21T04:00:00.000Z,581.33333,
2014-03-20T04:00:00.000Z,601.015,
2014-03-19T04:00:00.000Z,616.86665,
2014-03-18T04:00:00.000Z,617.24333,
2014-03-17T04:00:00.000Z,630.34833,
2014-03-16T04:00:00.000Z,632.95333,
2014-03-15T04:00:00.000Z,628.18751,
2014-03-14T04:00:00.000Z,636.41414,
2014-03-13T04:00:00.000Z,631.755,
2014-03-12T04:00:00.000Z,633.74749,
2014-03-11T04:00:00.000Z,626,
2014-03-10T04:00:00.000Z,637.615,
2014-03-09T05:00:00.000Z,611.1625,
2014-03-08T05:00:00.000Z,612.33,
2014-03-07T05:00:00.000Z,651.285,
2014-03-06T05:00:00.000Z,662.0225,
2014-03-05T05:00:00.000Z,660.84,
2014-03-04T05:00:00.000Z,666.1475,
2014-03-03T05:00:00.000Z,567.7,
2014-03-02T05:00:00.000Z,560.195,
2014-03-01T05:00:00.000Z,551.73,
2014-02-28T05:00:00.000Z,567.2925,
2014-02-27T05:00:00.000Z,573.1025,
2014-02-26T05:00:00.000Z,550.6025,
2014-02-25T05:00:00.000Z,501.155,
2014-02-24T05:00:00.000Z,572.7675,
2014-02-23T05:00:00.000Z,622.22,
2014-02-22T05:00:00.000Z,561.535,
2014-02-21T05:00:00.000Z,545.7625,
2014-02-20T05:00:00.000Z,619.8425,
2014-02-19T05:00:00.000Z,618.79,
2014-02-18T05:00:00.000Z,634.99,
2014-02-17T05:00:00.000Z,611.04499,
2014-02-16T05:00:00.000Z,656.2725,
2014-02-15T05:00:00.000Z,641.91,
2014-02-14T05:00:00.000Z,578.4125,
2014-02-13T05:00:00.000Z,645.615,
2014-02-12T05:00:00.000Z,665.7975,
2014-02-11T05:00:00.000Z,694.3125,
2014-02-10T05:00:00.000Z,700.44843,
2014-02-09T05:00:00.000Z,668.86463,
2014-02-08T05:00:00.000Z,692.66914,
2014-02-07T05:00:00.000Z,748.43559,
2014-02-06T05:00:00.000Z,802.75333,
2014-02-05T05:00:00.000Z,844.28836,
2014-02-04T05:00:00.000Z,847.70697,
2014-02-03T05:00:00.000Z,856.03366,
2014-02-02T05:00:00.000Z,854.7225,
2014-02-01T05:00:00.000Z,847.36383,
2014-01-31T05:00:00.000Z,841.48914,
2014-01-30T05:00:00.000Z,832.87399,
2014-01-29T05:00:00.000Z,832.89496,
2014-01-28T05:00:00.000Z,830.53133,
2014-01-27T05:00:00.000Z,887.08337,
2014-01-26T05:00:00.000Z,858.12641,
2014-01-25T05:00:00.000Z,834.57416,
2014-01-24T05:00:00.000Z,838.14997,
2014-01-23T05:00:00.000Z,864.56116,
2014-01-22T05:00:00.000Z,874.13266,
2014-01-21T05:00:00.000Z,873.28916,
2014-01-20T05:00:00.000Z,881.87583,
2014-01-19T05:00:00.000Z,838.42916,
2014-01-18T05:00:00.000Z,834.86666,
2014-01-17T05:00:00.000Z,842.19173,
2014-01-16T05:00:00.000Z,874.07416,
2014-01-15T05:00:00.000Z,853.25666,
2014-01-14T05:00:00.000Z,863.69888,
2014-01-13T05:00:00.000Z,873.27168,
2014-01-12T05:00:00.000Z,916.69666,
2014-01-11T05:00:00.000Z,892.26115,
2014-01-10T05:00:00.000Z,847.5325,
2014-01-09T05:00:00.000Z,860.84166,
2014-01-08T05:00:00.000Z,855.75933,
2014-01-07T05:00:00.000Z,962.46447,
2014-01-06T05:00:00.000Z,970.65083,
2014-01-05T05:00:00.000Z,871.11583,
2014-01-04T05:00:00.000Z,813.31748,
2014-01-03T05:00:00.000Z,804.02719,
2014-01-02T05:00:00.000Z,769.09849,
2014-01-01T05:00:00.000Z,768.40783,
2013-12-31T05:00:00.000Z,744.17249,
2013-12-30T05:00:00.000Z,752.82022,
2013-12-29T05:00:00.000Z,717.92623,
2013-12-28T05:00:00.000Z,734.01166,
2013-12-27T05:00:00.000Z,758.01016,
2013-12-26T05:00:00.000Z,702.00083,
2013-12-25T05:00:00.000Z,659.84333,
2013-12-24T05:00:00.000Z,671.58116,
2013-12-23T05:00:00.000Z,647.68316,
2013-12-22T05:00:00.000Z,595.95883,
2013-12-21T05:00:00.000Z,649.38965,
2013-12-20T05:00:00.000Z,693.05883,
2013-12-19T05:00:00.000Z,553.69166,
2013-12-18T05:00:00.000Z,654.06266,
2013-12-17T05:00:00.000Z,653.80483,
2013-12-16T05:00:00.000Z,868.95316,
2013-12-15T05:00:00.000Z,848.9975,
2013-12-14T05:00:00.000Z,889.81946,
2013-12-13T05:00:00.000Z,911.23204,
2013-12-12T05:00:00.000Z,866.29003,
2013-12-11T05:00:00.000Z,967.42866,
2013-12-10T05:00:00.000Z,916.77599,
2013-12-09T05:00:00.000Z,841.83966,
2013-12-08T05:00:00.000Z,689.81,
2013-12-07T05:00:00.000Z,759.43041,
2013-12-06T05:00:00.000Z,1004.61633,
2013-12-05T05:00:00.000Z,1139.33083,
2013-12-04T05:00:00.000Z,1071.2848,
2013-12-03T05:00:00.000Z,1028.845,
2013-12-02T05:00:00.000Z,1019.78966,
2013-12-01T05:00:00.000Z,1099.51926,
2013-11-30T05:00:00.000Z,1154.92593,
2013-11-29T05:00:00.000Z,1068.363,
2013-11-28T05:00:00.000Z,934.355,
2013-11-27T05:00:00.000Z,893.1815,
2013-11-26T05:00:00.000Z,789.36475,
2013-11-25T05:00:00.000Z,768.8475,
2013-11-24T05:00:00.000Z,746.19374,
2013-11-23T05:00:00.000Z,774.18,
2013-11-22T05:00:00.000Z,681.33,
2013-11-21T05:00:00.000Z,574.71599,
2013-11-20T05:00:00.000Z,531.54249,
2013-11-19T05:00:00.000Z,693.65,
2013-11-18T05:00:00.000Z,510.6025,
2013-11-17T05:00:00.000Z,437.29725,
2013-11-16T05:00:00.000Z,420.21649,
2013-11-15T05:00:00.000Z,409.10375,
2013-11-14T05:00:00.000Z,402.954,
2013-11-13T05:00:00.000Z,357.48,
2013-11-12T05:00:00.000Z,338.137,
2013-11-11T05:00:00.000Z,304.97974,
2013-11-10T05:00:00.000Z,285.8875,
2013-11-09T05:00:00.000Z,331.10325,
2013-11-08T05:00:00.000Z,294.48699,
2013-11-07T05:00:00.000Z,262.32666,
2013-11-06T05:00:00.000Z,248.25333,
2013-11-05T05:00:00.000Z,225.02,
2013-11-04T05:00:00.000Z,210.3075,
2013-11-03T04:00:00.000Z,200.543,
2013-11-02T04:00:00.000Z,198.93233,
2013-11-01T04:00:00.000Z,198.04883,
2013-10-31T04:00:00.000Z,196.02499,
2013-10-30T04:00:00.000Z,197.4,
2013-10-29T04:00:00.000Z,192.75666,
2013-10-28T04:00:00.000Z,187.15983,
2013-10-27T04:00:00.000Z,177.6965,
2013-10-26T04:00:00.000Z,175.03166,
2013-10-25T04:00:00.000Z,180.355,
2013-10-24T04:00:00.000Z,200.70166,
2013-10-23T04:00:00.000Z,188.29716,
2013-10-22T04:00:00.000Z,177.63333,
2013-10-21T04:00:00.000Z,164.31499,
2013-10-20T04:00:00.000Z,160.33883,
2013-10-19T04:00:00.000Z,152.55183,
2013-10-18T04:00:00.000Z,142.95166,
2013-10-17T04:00:00.000Z,137.92333,
2013-10-16T04:00:00.000Z,142.76333,
2013-10-15T04:00:00.000Z,133.20333,
2013-10-14T04:00:00.000Z,135.24199,
2013-10-13T04:00:00.000Z,126.38333,
2013-10-12T04:00:00.000Z,125.9275,
2013-10-11T04:00:00.000Z,125.27966,
2013-10-10T04:00:00.000Z,125.96116,
2013-10-09T04:00:00.000Z,124.049,
2013-10-08T04:00:00.000Z,123.033,
2013-10-07T04:00:00.000Z,121.795,
2013-10-06T04:00:00.000Z,120.65533,
2013-10-05T04:00:00.000Z,121.33866,
2013-10-04T04:00:00.000Z,118.67466,
2013-10-03T04:00:00.000Z,108.58483,
2013-10-02T04:00:00.000Z,125.455,
2013-10-01T04:00:00.000Z,123.65499,